"ID","Description","GeneRatio","BgRatio","RichFactor","FoldEnrichment","zScore","pvalue","p.adjust","qvalue","geneID","Count","direction","collection"
"HALLMARK_CHOLESTEROL_HOMEOSTASIS","HALLMARK_CHOLESTEROL_HOMEOSTASIS","14/99","74/3668",0.189189189189189,7.00955500955501,8.69698891842098,5.16863266521208e-09,2.22251204604119e-07,1.84982642754959e-07,"FADS2/TNFRSF12A/SCD/FASN/CYP51A1/MVD/LPL/DHCR7/FDPS/LSS/ANXA13/ACSS2/HMGCS1/SQLE",14,"Up in NAFLD","Hallmark"
"HALLMARK_MYOGENESIS","HALLMARK_MYOGENESIS","13/99","150/3668",0.0866666666666667,3.21104377104377,4.60463097318891,0.000156483650688255,0.00336439848979749,0.00280023374915825,"DTNA/CDKN1A/SCD/PPP1R3C/ACHE/TCAP/FDPS/COL1A1/MB/SPHK1/ITGA7/TNNC2/CKM",13,"Up in NAFLD","Hallmark"
"HALLMARK_EPITHELIAL_MESENCHYMAL_TRANSITION","HALLMARK_EPITHELIAL_MESENCHYMAL_TRANSITION","12/99","162/3668",0.0740740740740741,2.74448185559297,3.78196744720524,0.00119210367923556,0.0170868194023764,0.0142215877522839,"LAMA3/TNFRSF12A/CAPG/SPP1/FSTL3/IL32/THY1/COL1A1/COL16A1/COL7A1/COL5A3/LAMC2",12,"Up in NAFLD","Hallmark"
"HALLMARK_TNFA_SIGNALING_VIA_NFKB","HALLMARK_TNFA_SIGNALING_VIA_NFKB","19/63","165/3668",0.115151515151515,6.7043771043771,9.91067482040606,1.01135382373718e-11,3.64087376545384e-10,3.08729061982928e-10,"CEBPD/FOS/NR4A2/IRS2/NR4A1/GADD45B/CEBPB/EGR1/RHOB/ZFP36/KLF4/PFKFB3/PHLDA1/DUSP1/CXCL2/MAFF/SOCS3/CCN1/JUNB",19,"Down in NAFLD","Hallmark"
"HALLMARK_HYPOXIA","HALLMARK_HYPOXIA","15/63","174/3668",0.0862068965517241,5.01915708812261,7.17994718874991,1.26282103320162e-07,2.27307785976291e-06,1.9274636822551e-06,"FOS/IRS2/ZFP36/PFKFB3/IGFBP1/DUSP1/CXCR4/CDKN1C/MAFF/CCN2/P4HA1/PCK1/CCN1/PPARGC1A/MT1E",15,"Down in NAFLD","Hallmark"
"HALLMARK_EPITHELIAL_MESENCHYMAL_TRANSITION","HALLMARK_EPITHELIAL_MESENCHYMAL_TRANSITION","10/63","162/3668",0.0617283950617284,3.59396433470508,4.4636347205507,0.000359816042748661,0.00431779251298393,0.00366128604902146,"GADD45B/BASP1/RHOB/TGFBR3/GAS1/CCN2/CCN1/TFPI2/THBS1/IGFBP2",10,"Down in NAFLD","Hallmark"
"KEGG_ECM_RECEPTOR_INTERACTION","KEGG_ECM_RECEPTOR_INTERACTION","10/97","64/3718",0.15625,5.98904639175258,6.58856967618541,4.31992740949096e-06,0.00049679165209146,0.000450181908989058,"LAMA3/LAMB3/SPP1/COL1A1/HMMR/LAMC3/ITGA7/COL5A3/LAMC2/SV2B",10,"Up in NAFLD","KEGG"
"KEGG_STEROID_BIOSYNTHESIS","KEGG_STEROID_BIOSYNTHESIS","4/97","15/3718",0.266666666666667,10.2213058419244,5.85637779409294,0.000476577526031236,0.0274032077467961,0.024832197408996,"CYP51A1/DHCR7/LSS/SQLE",4,"Up in NAFLD","KEGG"
"KEGG_DRUG_METABOLISM_OTHER_ENZYMES","KEGG_DRUG_METABOLISM_OTHER_ENZYMES","6/97","45/3718",0.133333333333333,5.1106529209622,4.54019480140766,0.000965876976058346,0.0370252840822366,0.0335515160104478,"UGT1A6/TK1/TYMP/UGT1A9/UGT1A1/UPP2",6,"Up in NAFLD","KEGG"
"KEGG_INSULIN_SIGNALING_PATHWAY","KEGG_INSULIN_SIGNALING_PATHWAY","8/42","121/3718",0.0661157024793388,5.85281385281385,5.80028419826881,4.65595531849017e-05,0.00307293051020351,0.00284258324707821,"IRS2/SOCS2/FOXO1/PRKAR2B/SOCS3/PCK1/G6PC1/PPARGC1A",8,"Down in NAFLD","KEGG"
"KEGG_ADIPOCYTOKINE_SIGNALING_PATHWAY","KEGG_ADIPOCYTOKINE_SIGNALING_PATHWAY","5/42","56/3718",0.0892857142857143,7.90391156462585,5.56369401982548,0.000359744946307522,0.0118715832281482,0.0109816878346507,"IRS2/SOCS3/PCK1/G6PC1/PPARGC1A",5,"Down in NAFLD","KEGG"
"GOBP_STEROL_BIOSYNTHETIC_PROCESS","GOBP_STEROL_BIOSYNTHETIC_PROCESS","9/239","63/11254",0.142857142857143,6.72683801554094,6.71415843625976,6.58903809350582e-06,0.0169535950145905,0.0159038572088514,"CYP51A1/MVD/DHCR7/FDPS/LSS/CYP7A1/HMGCS1/CFTR/SQLE",9,"Up in NAFLD","GO_BP"
"GOBP_POSITIVE_REGULATION_OF_CELL_JUNCTION_ASSEMBLY","GOBP_POSITIVE_REGULATION_OF_CELL_JUNCTION_ASSEMBLY","9/239","74/11254",0.121621621621622,5.72690263485243,6.00914209984051,2.51209902054222e-05,0.0242865544906683,0.0227827722900168,"ACE2/THY1/EPHB2/GDF2/WNT4/COL16A1/LINGO4/LRRC24/OXT",9,"Up in NAFLD","GO_BP"
"GOBP_MONOATOMIC_ANION_TRANSPORT","GOBP_MONOATOMIC_ANION_TRANSPORT","10/239","97/11254",0.103092783505155,4.85441918647285,5.61580416018884,3.85454832370819e-05,0.0242865544906683,0.0227827722900168,"LRRC8E/SLC6A2/SLC12A1/SLC26A1/ABCC4/CFTR/CLIC6/SLC1A7/GABRB3/TMC4",10,"Up in NAFLD","GO_BP"
"GOBP_CHLORIDE_TRANSPORT","GOBP_CHLORIDE_TRANSPORT","8/239","62/11254",0.129032258064516,6.07585369145634,5.90326050313348,4.62618310238593e-05,0.0242865544906683,0.0227827722900168,"SLC6A2/SLC12A1/SLC26A1/CFTR/CLIC6/SLC1A7/GABRB3/TMC4",8,"Up in NAFLD","GO_BP"
"GOBP_NEGATIVE_REGULATION_OF_LIPID_METABOLIC_PROCESS","GOBP_NEGATIVE_REGULATION_OF_LIPID_METABOLIC_PROCESS","9/239","80/11254",0.1125,5.29738493723849,5.68179782773044,4.71950145562929e-05,0.0242865544906683,0.0227827722900168,"UGT1A6/CIDEC/PDGFA/FMO1/UGT1A9/WNT4/CYP7A1/SPHK1/UGT1A1",9,"Up in NAFLD","GO_BP"
"GOBP_ALCOHOL_BIOSYNTHETIC_PROCESS","GOBP_ALCOHOL_BIOSYNTHETIC_PROCESS","11/239","125/11254",0.088,4.14373221757322,5.20611000251868,6.93969076749586e-05,0.0297597072412781,0.0279170367190667,"CYP51A1/MVD/DHCR7/FDPS/LSS/WNT4/CYP7A1/HMGCS1/CFTR/SPHK1/MOXD1",11,"Up in NAFLD","GO_BP"
"GOBP_INORGANIC_ANION_TRANSMEMBRANE_TRANSPORT","GOBP_INORGANIC_ANION_TRANSMEMBRANE_TRANSPORT","8/239","70/11254",0.114285714285714,5.38147041243276,5.41640566033123,0.000111631105594216,0.0391377838733995,0.0367144387758321,"SLC6A2/SLC12A1/SLC26A1/CFTR/CLIC6/SLC1A7/GABRB3/TMC4",8,"Up in NAFLD","GO_BP"
"GOBP_STEROID_BIOSYNTHETIC_PROCESS","GOBP_STEROID_BIOSYNTHETIC_PROCESS","11/239","133/11254",0.0827067669172932,3.89448516689213,4.94613638666677,0.000121687629610259,0.0391377838733995,0.0367144387758321,"FDXR/CYP51A1/MVD/DHCR7/FDPS/LSS/WNT4/CYP7A1/HMGCS1/CFTR/SQLE",11,"Up in NAFLD","GO_BP"
"GOBP_FAT_CELL_DIFFERENTIATION","GOBP_FAT_CELL_DIFFERENTIATION","13/119","186/11254",0.0698924731182796,6.60983102918587,7.97506454451693,7.64270788915202e-08,0.000131852705303173,0.000108904889335954,"CEBPD/NR4A2/DUSP10/NR4A1/CEBPB/RGS2/ZFP36/KLF4/FABP3/FOXO1/INHBB/RETREG1/PPARGC1A",13,"Down in NAFLD","GO_BP"
"GOBP_RESPONSE_TO_PEPTIDE_HORMONE","GOBP_RESPONSE_TO_PEPTIDE_HORMONE","17/119","347/11254",0.0489913544668588,4.63318237958007,7.10659898497092,1.29648677780898e-07,0.000131852705303173,0.000108904889335954,"FOS/NR4A2/IRS2/NR4A1/SOCS2/EGR1/TGFBR3/IGFBP1/FABP3/PDK4/FOXO1/HDAC9/SOCS3/PCK1/INHBB/G6PC1/JUND",17,"Down in NAFLD","GO_BP"
"GOBP_DETOXIFICATION_OF_COPPER_ION","GOBP_DETOXIFICATION_OF_COPPER_ION","4/119","10/11254",0.4,37.8285714285714,12.0444503022529,2.37636735880348e-06,0.00161117706926876,0.00133076572092995,"MT1X/MT1E/MT1F/MT1M",4,"Down in NAFLD","GO_BP"
"GOBP_CELLULAR_RESPONSE_TO_PEPTIDE_HORMONE_STIMULUS","GOBP_CELLULAR_RESPONSE_TO_PEPTIDE_HORMONE_STIMULUS","13/119","266/11254",0.0488721804511278,4.6219119226638,6.17990654207074,4.49167211909207e-06,0.00186975264657744,0.00154433846914951,"FOS/NR4A2/IRS2/NR4A1/SOCS2/IGFBP1/PDK4/FOXO1/HDAC9/SOCS3/PCK1/INHBB/G6PC1",13,"Down in NAFLD","GO_BP"
"GOBP_RESPONSE_TO_INSULIN","GOBP_RESPONSE_TO_INSULIN","12/119","228/11254",0.0526315789473684,4.97744360902256,6.27227353776854,5.02815694426222e-06,0.00186975264657744,0.00154433846914951,"FOS/IRS2/EGR1/IGFBP1/FABP3/PDK4/FOXO1/HDAC9/SOCS3/PCK1/INHBB/G6PC1",12,"Down in NAFLD","GO_BP"
"GOBP_BEHAVIOR","GOBP_BEHAVIOR","16/119","411/11254",0.0389294403892944,3.68161279110184,5.72538610932365,6.39477870642627e-06,0.00186975264657744,0.00154433846914951,"FOS/NR4A2/CEBPB/HPRT1/EGR1/CPEB3/ETV5/PFKFB3/PTN/ATP8A1/PRKAR2B/KCNAB1/ATP1B2/SLC18A2/HPGDS/THBS1",16,"Down in NAFLD","GO_BP"
"GOBP_RESPONSE_TO_CALCIUM_ION","GOBP_RESPONSE_TO_CALCIUM_ION","8/119","94/11254",0.0851063829787234,8.04863221884498,7.0941310940118,6.43474362145629e-06,0.00186975264657744,0.00154433846914951,"FOS/DUSP1/KCNMB4/INHBB/JUNB/JUND/THBS1/CPNE6",8,"Down in NAFLD","GO_BP"
"GOBP_RESPONSE_TO_METAL_ION","GOBP_RESPONSE_TO_METAL_ION","12/119","249/11254",0.0481927710843374,4.55765920826162,5.86855965717916,1.2321879828211e-05,0.00313283794632266,0.00258759476392432,"FOS/MT1X/DUSP1/KCNMB4/INHBB/JUNB/JUND/MT1E/THBS1/MT1F/MT1M/CPNE6",12,"Down in NAFLD","GO_BP"
"GOBP_CELLULAR_RESPONSE_TO_METAL_ION","GOBP_CELLULAR_RESPONSE_TO_METAL_ION","9/119","138/11254",0.0652173913043478,6.16770186335404,6.31430060996116,1.49092438981039e-05,0.00336948912097149,0.0027830588609794,"FOS/MT1X/INHBB/JUNB/JUND/MT1E/MT1F/MT1M/CPNE6",9,"Down in NAFLD","GO_BP"
"GOBP_CELL_MIGRATION_INVOLVED_IN_SPROUTING_ANGIOGENESIS","GOBP_CELL_MIGRATION_INVOLVED_IN_SPROUTING_ANGIOGENESIS","6/119","52/11254",0.115384615384615,10.9120879120879,7.40596341478517,1.68581679559759e-05,0.00342895136224549,0.00283217221660395,"NR4A1/KLF4/TGFBR3/HDAC9/MMRN1/THBS1",6,"Down in NAFLD","GO_BP"
"GOBP_DETOXIFICATION_OF_INORGANIC_COMPOUND","GOBP_DETOXIFICATION_OF_INORGANIC_COMPOUND","4/119","16/11254",0.25,23.6428571428571,9.36934505408648,1.96073291519403e-05,0.0036255734086406,0.00299457390684179,"MT1X/MT1E/MT1F/MT1M",4,"Down in NAFLD","GO_BP"
"GOBP_MULTI_MULTICELLULAR_ORGANISM_PROCESS","GOBP_MULTI_MULTICELLULAR_ORGANISM_PROCESS","9/119","146/11254",0.0616438356164384,5.82974559686888,6.07218894812106,2.34176249335656e-05,0.00384354988046074,0.00317461347058704,"FOS/RGS2/PRDM1/PTN/ANGPT2/MAFF/SLC38A2/JUNB/IGFBP2",9,"Down in NAFLD","GO_BP"
"GOBP_CELLULAR_RESPONSE_TO_ZINC_ION","GOBP_CELLULAR_RESPONSE_TO_ZINC_ION","4/119","17/11254",0.235294117647059,22.2521008403361,9.0649135702675,2.54313608969912e-05,0.00384354988046074,0.00317461347058704,"MT1X/MT1E/MT1F/MT1M",4,"Down in NAFLD","GO_BP"
"GOBP_REGULATION_OF_CELL_MIGRATION_INVOLVED_IN_SPROUTING_ANGIOGENESIS","GOBP_REGULATION_OF_CELL_MIGRATION_INVOLVED_IN_SPROUTING_ANGIOGENESIS","5/119","34/11254",0.147058823529412,13.9075630252101,7.79201560825359,2.6455112254892e-05,0.00384354988046074,0.00317461347058704,"KLF4/TGFBR3/HDAC9/MMRN1/THBS1",5,"Down in NAFLD","GO_BP"
"GOBP_CELLULAR_RESPONSE_TO_CADMIUM_ION","GOBP_CELLULAR_RESPONSE_TO_CADMIUM_ION","4/119","18/11254",0.222222222222222,21.015873015873,8.78551963806228,3.2431023860948e-05,0.00439764683554455,0.00363227467242618,"MT1X/MT1E/MT1F/MT1M",4,"Down in NAFLD","GO_BP"
"GOBP_BROWN_FAT_CELL_DIFFERENTIATION","GOBP_BROWN_FAT_CELL_DIFFERENTIATION","5/119","36/11254",0.138888888888889,13.1349206349206,7.5386399612387,3.52426645737345e-05,0.004480223733936,0.00370047978024212,"DUSP10/CEBPB/RGS2/FABP3/PPARGC1A",5,"Down in NAFLD","GO_BP"
"GOBP_REGULATION_OF_ENDOTHELIAL_CELL_MIGRATION","GOBP_REGULATION_OF_ENDOTHELIAL_CELL_MIGRATION","9/119","155/11254",0.0580645161290323,5.49124423963134,5.82040394002579,3.76140120408562e-05,0.0044808163033525,0.00370096921810826,"RHOB/KLF4/TGFBR3/PTN/ANGPT2/GATA3/HDAC9/MMRN1/THBS1",9,"Down in NAFLD","GO_BP"
"GOBP_CELLULAR_RESPONSE_TO_COPPER_ION","GOBP_CELLULAR_RESPONSE_TO_COPPER_ION","4/119","19/11254",0.210526315789474,19.9097744360902,8.52784189445316,4.07446499010508e-05,0.0044808163033525,0.00370096921810826,"MT1X/MT1E/MT1F/MT1M",4,"Down in NAFLD","GO_BP"
"GOBP_RESPONSE_TO_TOXIC_SUBSTANCE","GOBP_RESPONSE_TO_TOXIC_SUBSTANCE","10/119","196/11254",0.0510204081632653,4.82507288629738,5.58459891125419,4.18561994905101e-05,0.0044808163033525,0.00370096921810826,"FOS/MT1X/IPCEF1/SLC15A2/INHBB/RDH12/SLC18A2/MT1E/MT1F/MT1M",10,"Down in NAFLD","GO_BP"
"GOBP_RESPONSE_TO_AMPHETAMINE","GOBP_RESPONSE_TO_AMPHETAMINE","4/119","20/11254",0.2,18.9142857142857,8.28914647496943,5.05160279036818e-05,0.00513748003780444,0.00424334634390927,"NR4A2/RGS2/HPRT1/SLC18A2",4,"Down in NAFLD","GO_BP"
"GOBP_ENDOTHELIAL_CELL_MIGRATION","GOBP_ENDOTHELIAL_CELL_MIGRATION","10/119","204/11254",0.0490196078431373,4.63585434173669,5.41755027783075,5.87234717912057e-05,0.00568778769634821,0.00469787774329646,"NR4A1/RHOB/KLF4/TGFBR3/PTN/ANGPT2/GATA3/HDAC9/MMRN1/THBS1",10,"Down in NAFLD","GO_BP"
"GOBP_EMBRYONIC_PLACENTA_DEVELOPMENT","GOBP_EMBRYONIC_PLACENTA_DEVELOPMENT","6/119","67/11254",0.0895522388059701,8.46908315565032,6.33884899925118,7.26399397103372e-05,0.00671589260776482,0.00554704994151666,"CEBPB/PRDM1/CDKN1C/SOCS3/CCN1/JUNB",6,"Down in NAFLD","GO_BP"
"GOBP_REGENERATION","GOBP_REGENERATION","8/119","135/11254",0.0592592592592593,5.6042328042328,5.56357341678613,8.93552136486289e-05,0.00790210889397005,0.00652681560563898,"DUSP10/CEBPB/KLF4/TGFBR3/PTN/IGFBP1/ANGPT2/NR0B2",8,"Down in NAFLD","GO_BP"
"GOBP_MATERNAL_PROCESS_INVOLVED_IN_FEMALE_PREGNANCY","GOBP_MATERNAL_PROCESS_INVOLVED_IN_FEMALE_PREGNANCY","5/119","44/11254",0.113636363636364,10.7467532467532,6.69647162287697,9.49036536318796e-05,0.00804308464530179,0.00664325575423157,"RGS2/PRDM1/PTN/ANGPT2/JUNB",5,"Down in NAFLD","GO_BP"
"GOBP_NEGATIVE_REGULATION_OF_LOCOMOTION","GOBP_NEGATIVE_REGULATION_OF_LOCOMOTION","11/119","263/11254",0.0418250950570342,3.95545898967952,5.01356600772664,0.000104417932492274,0.00849544298757141,0.00701688506348081,"DUSP10/RHOB/KLF4/TGFBR3/DUSP1/ANGPT2/GATA3/ATP1B2/MMRN1/CD200R1/THBS1",11,"Down in NAFLD","GO_BP"
"GOBP_RESPONSE_TO_CARBOHYDRATE","GOBP_RESPONSE_TO_CARBOHYDRATE","9/119","180/11254",0.05,4.72857142857143,5.21301518197777,0.000119850850351519,0.00937602421596115,0.00774420879194431,"ERN1/IRS2/EGR1/ANGPT2/NR0B2/PCK1/SYBU/G6PC1/THBS1",9,"Down in NAFLD","GO_BP"
"GOBP_P38MAPK_CASCADE","GOBP_P38MAPK_CASCADE","5/119","48/11254",0.104166666666667,9.85119047619048,6.35271724854937,0.000144678487631572,0.0105207636419671,0.00868971628245072,"DUSP10/GADD45B/ZFP36/GADD45G/DUSP1",5,"Down in NAFLD","GO_BP"
"GOBP_CELLULAR_RESPONSE_TO_INSULIN_STIMULUS","GOBP_CELLULAR_RESPONSE_TO_INSULIN_STIMULUS","9/119","185/11254",0.0486486486486487,4.6007722007722,5.10493065409706,0.000147581426147854,0.0105207636419671,0.00868971628245072,"IRS2/IGFBP1/PDK4/FOXO1/HDAC9/SOCS3/PCK1/INHBB/G6PC1",9,"Down in NAFLD","GO_BP"
"GOBP_EPITHELIAL_CELL_PROLIFERATION","GOBP_EPITHELIAL_CELL_PROLIFERATION","12/119","322/11254",0.0372670807453416,3.52440106477374,4.75115291647984,0.000150035761506765,0.0105207636419671,0.00868971628245072,"ERN1/DUSP10/IRS2/NR4A1/CEBPB/ZFP36/TGFBR3/PRDM1/PTN/GATA3/CDKN1C/THBS1",12,"Down in NAFLD","GO_BP"
"GOBP_REGULATION_OF_ORGANIC_ACID_TRANSPORT","GOBP_REGULATION_OF_ORGANIC_ACID_TRANSPORT","5/119","49/11254",0.102040816326531,9.65014577259475,6.27304012244398,0.000159768957804919,0.0105207636419671,0.00868971628245072,"IRS2/RGS2/FABP3/SLC38A2/THBS1",5,"Down in NAFLD","GO_BP"
"GOBP_BLOOD_VESSEL_ENDOTHELIAL_CELL_MIGRATION","GOBP_BLOOD_VESSEL_ENDOTHELIAL_CELL_MIGRATION","7/119","110/11254",0.0636363636363636,6.01818181818182,5.4674486503959,0.000160345955211888,0.0105207636419671,0.00868971628245072,"NR4A1/KLF4/TGFBR3/ANGPT2/HDAC9/MMRN1/THBS1",7,"Down in NAFLD","GO_BP"
"GOBP_POST_EMBRYONIC_DEVELOPMENT","GOBP_POST_EMBRYONIC_DEVELOPMENT","6/119","80/11254",0.075,7.09285714285714,5.65358836999304,0.000195641422194981,0.0119436979010066,0.00986500121617067,"NR4A2/CSRNP1/KLF4/PRDM1/GATA3/SLC18A2",6,"Down in NAFLD","GO_BP"
"GOBP_INTRACELLULAR_ZINC_ION_HOMEOSTASIS","GOBP_INTRACELLULAR_ZINC_ION_HOMEOSTASIS","4/119","28/11254",0.142857142857143,13.5102040816327,6.85162240206533,0.000199979025475929,0.0119436979010066,0.00986500121617067,"MT1X/MT1E/MT1F/MT1M",4,"Down in NAFLD","GO_BP"
"GOBP_RESPONSE_TO_COPPER_ION","GOBP_RESPONSE_TO_COPPER_ION","4/119","28/11254",0.142857142857143,13.5102040816327,6.85162240206533,0.000199979025475929,0.0119436979010066,0.00986500121617067,"MT1X/MT1E/MT1F/MT1M",4,"Down in NAFLD","GO_BP"
"GOBP_CELLULAR_RESPONSE_TO_NITROGEN_COMPOUND","GOBP_CELLULAR_RESPONSE_TO_NITROGEN_COMPOUND","15/119","493/11254",0.0304259634888438,2.87742683280209,4.40679343772601,0.000210609300174389,0.0119436979010066,0.00986500121617067,"FOS/NR4A2/IRS2/NR4A1/SOCS2/EGR1/KLF4/IGFBP1/PDK4/FOXO1/HDAC9/SOCS3/PCK1/INHBB/G6PC1",15,"Down in NAFLD","GO_BP"
"GOBP_PLACENTA_DEVELOPMENT","GOBP_PLACENTA_DEVELOPMENT","7/119","115/11254",0.0608695652173913,5.75652173913044,5.30002396848118,0.000211392883203657,0.0119436979010066,0.00986500121617067,"CEBPB/PRDM1/PTN/CDKN1C/SOCS3/CCN1/JUNB",7,"Down in NAFLD","GO_BP"
"GOBP_RESPONSE_TO_STARVATION","GOBP_RESPONSE_TO_STARVATION","9/119","195/11254",0.0461538461538462,4.36483516483516,4.89988288855446,0.00021929354155792,0.0120552179332111,0.00995711215722448,"FOS/ZFP36/RNF152/PDK4/FOXO1/PCK1/INHBB/SLC38A2/PPARGC1A",9,"Down in NAFLD","GO_BP"
"GOBP_CARBOHYDRATE_HOMEOSTASIS","GOBP_CARBOHYDRATE_HOMEOSTASIS","9/119","199/11254",0.0452261306532663,4.27709978463747,4.8216908295009,0.000255129182454656,0.013614841839118,0.0112452970942568,"ERN1/PPP1R3G/IRS2/PDK4/FOXO1/PCK1/SYBU/G6PC1/PPARGC1A",9,"Down in NAFLD","GO_BP"
"GOBP_DETOXIFICATION","GOBP_DETOXIFICATION","7/119","119/11254",0.0588235294117647,5.56302521008403,5.17301535657036,0.000261051539688103,0.013614841839118,0.0112452970942568,"MT1X/IPCEF1/SLC15A2/RDH12/MT1E/MT1F/MT1M",7,"Down in NAFLD","GO_BP"
"GOBP_CELLULAR_RESPONSE_TO_CALCIUM_ION","GOBP_CELLULAR_RESPONSE_TO_CALCIUM_ION","5/119","55/11254",0.0909090909090909,8.5974025974026,5.8387434457377,0.000277126301536778,0.0140918724331451,0.0116393046645447,"FOS/INHBB/JUNB/JUND/CPNE6",5,"Down in NAFLD","GO_BP"
"GOBP_RESPONSE_TO_MECHANICAL_STIMULUS","GOBP_RESPONSE_TO_MECHANICAL_STIMULUS","8/119","160/11254",0.05,4.72857142857143,4.91044563641075,0.000289008491036229,0.0143376407504315,0.0118422991448992,"FOS/PTN/ANGPT2/KCNJ2/SLC38A2/JUND/THBS1/IGFBP2",8,"Down in NAFLD","GO_BP"
"GOBP_RESPONSE_TO_AMINE","GOBP_RESPONSE_TO_AMINE","4/119","31/11254",0.129032258064516,12.2027649769585,6.45675221060499,0.000299891773510695,0.0145233301743036,0.0119956709404278,"NR4A2/RGS2/HPRT1/SLC18A2",4,"Down in NAFLD","GO_BP"
"GOBP_MUSCLE_CELL_PROLIFERATION","GOBP_MUSCLE_CELL_PROLIFERATION","8/119","163/11254",0.049079754601227,4.64154250657318,4.84123721072549,0.000327715180730641,0.0153572297902239,0.0126844375848457,"FOS/ERN1/DIPK2A/KLF4/TGFBR3/ADAMTS1/PPARGC1A/THBS1",8,"Down in NAFLD","GO_BP"
"GOBP_IN_UTERO_EMBRYONIC_DEVELOPMENT","GOBP_IN_UTERO_EMBRYONIC_DEVELOPMENT","12/119","351/11254",0.0341880341880342,3.23321123321123,4.39412983820367,0.000332211460555484,0.0153572297902239,0.0126844375848457,"ZFAND5/CEBPB/KLF4/PRDM1/LPAR6/SPIC/GATA3/CDKN1C/MAFF/SOCS3/CCN1/JUNB",12,"Down in NAFLD","GO_BP"
"GOBP_REGULATION_OF_FATTY_ACID_OXIDATION","GOBP_REGULATION_OF_FATTY_ACID_OXIDATION","4/119","32/11254",0.125,11.8214285714286,6.33704780855024,0.00033995178358359,0.0153658206179783,0.0126915332537874,"IRS2/FABP3/PDK4/PPARGC1A",4,"Down in NAFLD","GO_BP"
"GOBP_IMPORT_ACROSS_PLASMA_MEMBRANE","GOBP_IMPORT_ACROSS_PLASMA_MEMBRANE","7/119","126/11254",0.0555555555555556,5.25396825396825,4.96401960553588,0.000370284430224972,0.0163313019245341,0.0134889809406182,"IRS2/RGS2/SLC15A2/KCNJ2/ATP1B2/SLC38A2/THBS1",7,"Down in NAFLD","GO_BP"
"GOBP_NEGATIVE_REGULATION_OF_BLOOD_VESSEL_ENDOTHELIAL_CELL_MIGRATION","GOBP_NEGATIVE_REGULATION_OF_BLOOD_VESSEL_ENDOTHELIAL_CELL_MIGRATION","4/119","33/11254",0.121212121212121,11.4632034632035,6.22254991029967,0.000383702940547893,0.0163313019245341,0.0134889809406182,"KLF4/ANGPT2/MMRN1/THBS1",4,"Down in NAFLD","GO_BP"
"GOBP_NEGATIVE_REGULATION_OF_ORGANIC_ACID_TRANSPORT","GOBP_NEGATIVE_REGULATION_OF_ORGANIC_ACID_TRANSPORT","3/119","14/11254",0.214285714285714,20.265306122449,7.45623016893353,0.000385399455446233,0.0163313019245341,0.0134889809406182,"IRS2/RGS2/THBS1",3,"Down in NAFLD","GO_BP"
"GOBP_REGULATION_OF_P38MAPK_CASCADE","GOBP_REGULATION_OF_P38MAPK_CASCADE","4/119","34/11254",0.117647058823529,11.1260504201681,6.11287682808956,0.000431335984320293,0.0175467478421495,0.0144928890731618,"DUSP10/GADD45B/GADD45G/DUSP1",4,"Down in NAFLD","GO_BP"
"GOBP_RESPONSE_TO_ZINC_ION","GOBP_RESPONSE_TO_ZINC_ION","4/119","34/11254",0.117647058823529,11.1260504201681,6.11287682808956,0.000431335984320293,0.0175467478421495,0.0144928890731618,"MT1X/MT1E/MT1F/MT1M",4,"Down in NAFLD","GO_BP"
"GOBP_POSITIVE_REGULATION_OF_LOCOMOTION","GOBP_POSITIVE_REGULATION_OF_LOCOMOTION","14/119","474/11254",0.029535864978903,2.79324894514768,4.12366051118238,0.00046756562763061,0.01853792255811,0.0153115584550761,"IRS2/RHOB/TGFBR3/PTN/ADAMTS1/ATP8A1/CXCR4/LYVE1/GATA3/HDAC9/FAM107A/CCN1/THBS1/VIL1",14,"Down in NAFLD","GO_BP"
"GOBP_NEGATIVE_REGULATION_OF_CELL_MIGRATION_INVOLVED_IN_SPROUTING_ANGIOGENESIS","GOBP_NEGATIVE_REGULATION_OF_CELL_MIGRATION_INVOLVED_IN_SPROUTING_ANGIOGENESIS","3/119","15/11254",0.2,18.9142857142857,7.17701443707088,0.000478042724497556,0.01853792255811,0.0153115584550761,"KLF4/MMRN1/THBS1",3,"Down in NAFLD","GO_BP"
"GOBP_RESPONSE_TO_CADMIUM_ION","GOBP_RESPONSE_TO_CADMIUM_ION","4/119","35/11254",0.114285714285714,10.8081632653061,6.0076851487195,0.00048304321316609,0.01853792255811,0.0153115584550761,"MT1X/MT1E/MT1F/MT1M",4,"Down in NAFLD","GO_BP"
"GOBP_ORGANIC_ANION_TRANSPORT","GOBP_ORGANIC_ANION_TRANSPORT","11/119","315/11254",0.0349206349206349,3.30249433106576,4.28477049492458,0.000496604017152685,0.0187054179794178,0.0154499027558613,"IRS2/RGS2/SLC19A2/FABP3/SLC16A9/NR0B2/SLC22A10/G6PC1/SLC38A2/THBS1/SLCO1A2",11,"Down in NAFLD","GO_BP"
"GOBP_POSITIVE_REGULATION_OF_CARBOHYDRATE_METABOLIC_PROCESS","GOBP_POSITIVE_REGULATION_OF_CARBOHYDRATE_METABOLIC_PROCESS","5/119","64/11254",0.078125,7.38839285714286,5.29820903122169,0.000563171960024311,0.0208271230307172,0.0172023435061971,"PPP1R3G/IRS2/FOXO1/PPARGC1A/ADCYAP1R1",5,"Down in NAFLD","GO_BP"
"GOBP_LONG_CHAIN_FATTY_ACID_IMPORT_INTO_CELL","GOBP_LONG_CHAIN_FATTY_ACID_IMPORT_INTO_CELL","3/119","16/11254",0.1875,17.7321428571429,6.92356176315381,0.000583835508038853,0.0212057397026969,0.0175150652411656,"IRS2/FABP3/THBS1",3,"Down in NAFLD","GO_BP"
"GOBP_BLOOD_VESSEL_MORPHOGENESIS","GOBP_BLOOD_VESSEL_MORPHOGENESIS","14/119","491/11254",0.0285132382892057,2.69653767820774,3.97374609968517,0.000662908448823806,0.0236553646475021,0.0195383542811227,"NR4A1/APOLD1/RHOB/KLF4/TGFBR3/PRDM1/ADAMTS1/ANGPT2/HDAC9/CCN2/CCN1/MMRN1/JUNB/THBS1",14,"Down in NAFLD","GO_BP"
"GOBP_DEVELOPMENTAL_GROWTH","GOBP_DEVELOPMENTAL_GROWTH","14/119","493/11254",0.0283975659229209,2.68559837728195,3.95652375787193,0.000689900798671951,0.024194107318944,0.0199833334787738,"DUSP10/BASP1/DIPK2A/RGS2/SOCS2/TGFBR3/PTN/IGFBP1/GAS1/GATA3/CDKN1C/G6PC1/VIL1/CPNE6",14,"Down in NAFLD","GO_BP"
"GOBP_REGULATION_OF_EPITHELIAL_CELL_DIFFERENTIATION","GOBP_REGULATION_OF_EPITHELIAL_CELL_DIFFERENTIATION","6/119","104/11254",0.0576923076923077,5.45604395604396,4.71944828620793,0.000804435036662836,0.0274422785047572,0.0226661887354927,"APOLD1/CEBPB/ZFP36/GATA3/CDKN1C/MAFF",6,"Down in NAFLD","GO_BP"
"GOBP_POSITIVE_REGULATION_OF_GLUCOSE_METABOLIC_PROCESS","GOBP_POSITIVE_REGULATION_OF_GLUCOSE_METABOLIC_PROCESS","4/119","40/11254",0.1,9.45714285714286,5.53905804118014,0.000809506740553311,0.0274422785047572,0.0226661887354927,"PPP1R3G/IRS2/FOXO1/PPARGC1A",4,"Down in NAFLD","GO_BP"
"GOBP_LIPID_IMPORT_INTO_CELL","GOBP_LIPID_IMPORT_INTO_CELL","3/119","18/11254",0.166666666666667,15.7619047619048,6.47940782188574,0.000837706042710915,0.0278219499109605,0.0229797816373715,"IRS2/FABP3/THBS1",3,"Down in NAFLD","GO_BP"
"GOBP_RESPONSE_TO_OXIDATIVE_STRESS","GOBP_RESPONSE_TO_OXIDATIVE_STRESS","11/119","336/11254",0.0327380952380952,3.09608843537415,4.03246145713293,0.000848063369950614,0.0278219499109605,0.0229797816373715,"FOS/NR4A2/ERN1/RHOB/ETV5/KLF4/DUSP1/IPCEF1/FOXO1/PPARGC1A/ADCYAP1R1",11,"Down in NAFLD","GO_BP"
"GOBP_REGULATION_OF_GROWTH","GOBP_REGULATION_OF_GROWTH","13/119","452/11254",0.0287610619469027,2.71997471554994,3.85835090644647,0.000961105001514983,0.0305244225417031,0.0252119124238256,"DUSP10/BASP1/RGS2/SOCS2/MT1X/TGFBR3/IGFBP1/FAM107A/MT1E/MT1F/MT1M/VIL1/CPNE6",13,"Down in NAFLD","GO_BP"
"GOBP_RESPONSE_TO_ALCOHOL","GOBP_RESPONSE_TO_ALCOHOL","8/119","192/11254",0.0416666666666667,3.94047619047619,4.24828832437613,0.000968136567063061,0.0305244225417031,0.0252119124238256,"FOS/RGS2/KLF4/TGFBR3/NR0B2/GATA3/INHBB/ADCYAP1R1",8,"Down in NAFLD","GO_BP"
"GOBP_POSITIVE_REGULATION_OF_MIRNA_TRANSCRIPTION","GOBP_POSITIVE_REGULATION_OF_MIRNA_TRANSCRIPTION","4/119","42/11254",0.0952380952380952,9.00680272108844,5.3740878085058,0.000975460897350395,0.0305244225417031,0.0252119124238256,"FOS/EGR1/KLF4/GATA3",4,"Down in NAFLD","GO_BP"
"GOBP_ORGANIC_ACID_TRANSPORT","GOBP_ORGANIC_ACID_TRANSPORT","9/119","240/11254",0.0375,3.54642857142857,4.12218152707318,0.000991260585585405,0.0305488489557684,0.025232087633083,"IRS2/RGS2/SLC19A2/FABP3/SLC16A9/NR0B2/SLC38A2/THBS1/SLCO1A2",9,"Down in NAFLD","GO_BP"
"GOBP_RESPONSE_TO_NUTRIENT_LEVELS","GOBP_RESPONSE_TO_NUTRIENT_LEVELS","12/119","402/11254",0.0298507462686567,2.82302771855011,3.84781280394086,0.00110298997128085,0.0334848000236603,0.0276570619664451,"FOS/ZFP36/RNF152/PDK4/FOXO1/FAM107A/PCK1/INHBB/G6PC1/SLC38A2/PPARGC1A/IGFBP2",12,"Down in NAFLD","GO_BP"
"GOBP_RESPONSE_TO_CORTICOSTEROID","GOBP_RESPONSE_TO_CORTICOSTEROID","6/119","111/11254",0.0540540540540541,5.11196911196911,4.50062467883839,0.00113071583627949,0.033821706044007,0.0279353324257285,"FOS/ZFP36/DUSP1/FAM107A/PCK1/IGFBP2",6,"Down in NAFLD","GO_BP"
"GOBP_EMBRYONIC_PLACENTA_MORPHOGENESIS","GOBP_EMBRYONIC_PLACENTA_MORPHOGENESIS","3/119","20/11254",0.15,14.1857142857143,6.10118197479807,0.00115242223491437,0.0339714032726931,0.0280589761544368,"CDKN1C/SOCS3/CCN1",3,"Down in NAFLD","GO_BP"
"GOBP_CARBOHYDRATE_BIOSYNTHETIC_PROCESS","GOBP_CARBOHYDRATE_BIOSYNTHETIC_PROCESS","7/119","154/11254",0.0454545454545455,4.2987012987013,4.2609299254004,0.00122144079814057,0.0348316962851754,0.0287695426544221,"PPP1R3G/IRS2/FOXO1/PCK1/G6PC1/PPARGC1A/ADCYAP1R1",7,"Down in NAFLD","GO_BP"
"GOBP_ORGANIC_CATION_TRANSPORT","GOBP_ORGANIC_CATION_TRANSPORT","5/119","76/11254",0.0657894736842105,6.2218045112782,4.72180319880358,0.00123406065556323,0.0348316962851754,0.0287695426544221,"RGS2/SLC19A2/SLC16A9/SLC38A2/SLCO1A2",5,"Down in NAFLD","GO_BP"
"GOBP_SPROUTING_ANGIOGENESIS","GOBP_SPROUTING_ANGIOGENESIS","6/119","113/11254",0.0530973451327434,5.02149178255373,4.4414711932591,0.0012403560546186,0.0348316962851754,0.0287695426544221,"NR4A1/KLF4/TGFBR3/HDAC9/MMRN1/THBS1",6,"Down in NAFLD","GO_BP"
"GOBP_ANIMAL_ORGAN_REGENERATION","GOBP_ANIMAL_ORGAN_REGENERATION","4/119","45/11254",0.0888888888888889,8.40634920634921,5.14623408294849,0.00126722985501621,0.0348316962851754,0.0287695426544221,"CEBPB/TGFBR3/ANGPT2/NR0B2",4,"Down in NAFLD","GO_BP"
"GOBP_INTEGRATED_STRESS_RESPONSE_SIGNALING","GOBP_INTEGRATED_STRESS_RESPONSE_SIGNALING","4/119","45/11254",0.0888888888888889,8.40634920634921,5.14623408294849,0.00126722985501621,0.0348316962851754,0.0287695426544221,"CEBPD/FOS/CEBPB/JUNB",4,"Down in NAFLD","GO_BP"
"GOBP_RESPONSE_TO_ETHANOL","GOBP_RESPONSE_TO_ETHANOL","5/119","77/11254",0.0649350649350649,6.14100185528757,4.67943077740727,0.00130876047825094,0.0354935841701656,0.0293162347128211,"FOS/RGS2/NR0B2/GATA3/ADCYAP1R1",5,"Down in NAFLD","GO_BP"
"GOBP_POSITIVE_REGULATION_OF_INTERLEUKIN_4_PRODUCTION","GOBP_POSITIVE_REGULATION_OF_INTERLEUKIN_4_PRODUCTION","3/119","21/11254",0.142857142857143,13.5102040816327,5.93182994193882,0.00133417692617223,0.035706787734662,0.0294923320522282,"CEBPB/GATA3/IL1RAP",3,"Down in NAFLD","GO_BP"
"GOBP_RESPONSE_TO_FIBROBLAST_GROWTH_FACTOR","GOBP_RESPONSE_TO_FIBROBLAST_GROWTH_FACTOR","5/119","79/11254",0.0632911392405063,5.98553345388788,4.59688822647623,0.00146811621799135,0.0384299170588477,0.0317415244143875,"NR4A1/ZFP36/GATA3/CCN2/THBS1",5,"Down in NAFLD","GO_BP"
"GOBP_POSITIVE_REGULATION_OF_MIRNA_METABOLIC_PROCESS","GOBP_POSITIVE_REGULATION_OF_MIRNA_METABOLIC_PROCESS","4/119","47/11254",0.0851063829787234,8.04863221884498,5.00577843631278,0.00149260739805751,0.0384299170588477,0.0317415244143875,"FOS/EGR1/KLF4/GATA3",4,"Down in NAFLD","GO_BP"
"GOBP_RESPONSE_TO_FATTY_ACID","GOBP_RESPONSE_TO_FATTY_ACID","4/119","47/11254",0.0851063829787234,8.04863221884498,5.00577843631278,0.00149260739805751,0.0384299170588477,0.0317415244143875,"FABP3/PDK4/FOXO1/JUND",4,"Down in NAFLD","GO_BP"
"GOBP_REGULATION_OF_CARBOHYDRATE_BIOSYNTHETIC_PROCESS","GOBP_REGULATION_OF_CARBOHYDRATE_BIOSYNTHETIC_PROCESS","5/119","80/11254",0.0625,5.91071428571429,4.55667292423238,0.00155294787104444,0.0394836996213048,0.0326119052919332,"PPP1R3G/IRS2/FOXO1/PPARGC1A/ADCYAP1R1",5,"Down in NAFLD","GO_BP"
"GOBP_NEGATIVE_REGULATION_OF_ENDOTHELIAL_CELL_MIGRATION","GOBP_NEGATIVE_REGULATION_OF_ENDOTHELIAL_CELL_MIGRATION","4/119","48/11254",0.0833333333333333,7.88095238095238,4.93862887647819,0.00161514638991441,0.0400811771650687,0.0331053970684933,"KLF4/ANGPT2/MMRN1/THBS1",4,"Down in NAFLD","GO_BP"
"GOBP_COGNITION","GOBP_COGNITION","8/119","208/11254",0.0384615384615385,3.63736263736264,3.96882113600213,0.00161585866643836,0.0400811771650687,0.0331053970684933,"FOS/CEBPB/CPEB3/PTN/ATP8A1/PRKAR2B/KCNAB1/FAM107A",8,"Down in NAFLD","GO_BP"
"GOBP_RESPONSE_TO_STEROID_HORMONE","GOBP_RESPONSE_TO_STEROID_HORMONE","9/119","259/11254",0.0347490347490347,3.28626585769443,3.84805725655516,0.00168431551104691,0.0409049718931198,0.0337858174928423,"FOS/ZFP36/DUSP1/FAM107A/PCK1/JUNB/JUND/THBS1/IGFBP2",9,"Down in NAFLD","GO_BP"
"GOBP_REGULATION_OF_JNK_CASCADE","GOBP_REGULATION_OF_JNK_CASCADE","6/119","120/11254",0.05,4.72857142857143,4.24492490073222,0.00168929087464211,0.0409049718931198,0.0337858174928423,"DUSP10/GADD45B/RGS2/TGFBR3/GADD45G/CCN2",6,"Down in NAFLD","GO_BP"
"GOBP_RESPONSE_TO_OXYGEN_LEVELS","GOBP_RESPONSE_TO_OXYGEN_LEVELS","9/119","260/11254",0.0346153846153846,3.27362637362637,3.83433836924028,0.00172946557195924,0.0413850938042952,0.0341823783634296,"FOS/NR4A2/EGR1/TGFBR3/FOXO1/ANGPT2/CXCR4/JUND/THBS1",9,"Down in NAFLD","GO_BP"
"GOBP_MONOCARBOXYLIC_ACID_TRANSPORT","GOBP_MONOCARBOXYLIC_ACID_TRANSPORT","6/119","121/11254",0.0495867768595041,4.68949232585596,4.21808882982583,0.00176233996149202,0.0416813893217996,0.0344271062244952,"IRS2/FABP3/SLC16A9/NR0B2/THBS1/SLCO1A2",6,"Down in NAFLD","GO_BP"
"GOBP_CELLULAR_RESPONSE_TO_STARVATION","GOBP_CELLULAR_RESPONSE_TO_STARVATION","7/119","165/11254",0.0424242424242424,4.01212121212121,4.02931067424937,0.00181714333019537,0.0424835578576711,0.035089664307221,"FOS/RNF152/PDK4/FOXO1/PCK1/INHBB/SLC38A2",7,"Down in NAFLD","GO_BP"
"GOBP_REGULATION_OF_EPITHELIAL_CELL_PROLIFERATION","GOBP_REGULATION_OF_EPITHELIAL_CELL_PROLIFERATION","9/119","263/11254",0.0342205323193916,3.23628462791961,3.79357677886613,0.00187077915420204,0.0429860259568509,0.0355046822062485,"DUSP10/IRS2/NR4A1/ZFP36/TGFBR3/PTN/GATA3/CDKN1C/THBS1",9,"Down in NAFLD","GO_BP"
"GOBP_HETEROTYPIC_CELL_CELL_ADHESION","GOBP_HETEROTYPIC_CELL_CELL_ADHESION","4/119","50/11254",0.08,7.56571428571429,4.80997657736123,0.00188090280735483,0.0429860259568509,0.0355046822062485,"KLF4/CTNNA3/CD200R1/ITGAD",4,"Down in NAFLD","GO_BP"
"GOBP_SKELETAL_MUSCLE_ORGAN_DEVELOPMENT","GOBP_SKELETAL_MUSCLE_ORGAN_DEVELOPMENT","6/119","123/11254",0.048780487804878,4.61324041811847,4.16528625727407,0.00191561357255229,0.0432928667396817,0.0357581200209761,"FOS/NR4A1/BASP1/EGR1/MAFF/HDAC9",6,"Down in NAFLD","GO_BP"
"GOBP_NEGATIVE_REGULATION_OF_GROWTH","GOBP_NEGATIVE_REGULATION_OF_GROWTH","7/119","167/11254",0.0419161676646707,3.96407185628743,3.98935302072258,0.00194623655222059,0.043501595024359,0.0359305209640724,"DUSP10/RGS2/SOCS2/MT1X/MT1E/MT1F/MT1M",7,"Down in NAFLD","GO_BP"
"GOBP_REGULATION_OF_FATTY_ACID_TRANSPORT","GOBP_REGULATION_OF_FATTY_ACID_TRANSPORT","3/119","24/11254",0.125,11.8214285714286,5.48608925910648,0.00198402348328917,0.0436567882373559,0.0360587041488486,"IRS2/FABP3/THBS1",3,"Down in NAFLD","GO_BP"
"GOBP_GLUCOSE_METABOLIC_PROCESS","GOBP_GLUCOSE_METABOLIC_PROCESS","7/119","168/11254",0.0416666666666667,3.94047619047619,3.96960597276805,0.00201339573864274,0.0436567882373559,0.0360587041488486,"PPP1R3G/IRS2/PDK4/FOXO1/PCK1/G6PC1/PPARGC1A",7,"Down in NAFLD","GO_BP"
"GOBP_GLAND_DEVELOPMENT","GOBP_GLAND_DEVELOPMENT","10/119","319/11254",0.0313479623824451,2.96462158531124,3.67982688975917,0.00201757035118557,0.0436567882373559,0.0360587041488486,"IRS2/CEBPB/SOCS2/ETV5/TGFBR3/PTN/GATA3/CDKN1C/PCK1/INHBB",10,"Down in NAFLD","GO_BP"
"GOBP_CELLULAR_RESPONSE_TO_OXIDATIVE_STRESS","GOBP_CELLULAR_RESPONSE_TO_OXIDATIVE_STRESS","8/119","216/11254",0.037037037037037,3.5026455026455,3.83922483892799,0.00204860835695146,0.0438617831372554,0.0362280214702995,"FOS/NR4A2/ERN1/RHOB/ETV5/KLF4/FOXO1/PPARGC1A",8,"Down in NAFLD","GO_BP"
"GOBP_INTRACELLULAR_GLUCOSE_HOMEOSTASIS","GOBP_INTRACELLULAR_GLUCOSE_HOMEOSTASIS","6/119","125/11254",0.048,4.53942857142857,4.11360528324618,0.00207878708521081,0.044044301367904,0.0363787739911892,"ERN1/IRS2/FOXO1/PCK1/SYBU/PPARGC1A",6,"Down in NAFLD","GO_BP"
"GOBP_REGULATION_OF_GLUCOSE_METABOLIC_PROCESS","GOBP_REGULATION_OF_GLUCOSE_METABOLIC_PROCESS","5/119","86/11254",0.0581395348837209,5.49833887043189,4.3288867200985,0.00213969525312406,0.0446971262614746,0.0369179803929583,"PPP1R3G/IRS2/PDK4/FOXO1/PPARGC1A",5,"Down in NAFLD","GO_BP"
"GOBP_POSITIVE_REGULATION_OF_OSTEOBLAST_DIFFERENTIATION","GOBP_POSITIVE_REGULATION_OF_OSTEOBLAST_DIFFERENTIATION","4/119","52/11254",0.0769230769230769,7.27472527472528,4.68825400204249,0.00217552384458505,0.0446971262614746,0.0369179803929583,"CEBPD/CEBPB/CCN1/JUND",4,"Down in NAFLD","GO_BP"
"GOBP_SKELETAL_MUSCLE_CELL_DIFFERENTIATION","GOBP_SKELETAL_MUSCLE_CELL_DIFFERENTIATION","4/119","52/11254",0.0769230769230769,7.27472527472528,4.68825400204249,0.00217552384458505,0.0446971262614746,0.0369179803929583,"FOS/NR4A1/EGR1/MAFF",4,"Down in NAFLD","GO_BP"
"GOBP_CELLULAR_RESPONSE_TO_NUTRIENT_LEVELS","GOBP_CELLULAR_RESPONSE_TO_NUTRIENT_LEVELS","8/119","219/11254",0.0365296803652968,3.45466405740378,3.792193430973,0.00223264250665076,0.0454119485852764,0.0375083941117328,"FOS/RNF152/PDK4/FOXO1/FAM107A/PCK1/INHBB/SLC38A2",8,"Down in NAFLD","GO_BP"
