"ID","Description","setSize","enrichmentScore","NES","pvalue","p.adjust","qvalue","rank","leading_edge","core_enrichment","collection"
"HALLMARK_TNFA_SIGNALING_VIA_NFKB","HALLMARK_TNFA_SIGNALING_VIA_NFKB",179,-0.708073258054715,-2.55241584069787,2.56900181472152e-21,1.28450090736076e-19,9.1943222842665e-20,890,"tags=31%, list=7%, signal=30%","TIPARP/ZBTB10/CCL4/MYC/EFNA1/PPP1R15A/KLF9/NFIL3/GPR183/HES1/JUNB/FOSL2/PFKFB3/ETS2/SAT1/SGK1/CD69/ATF3/EGR2/CCL2/EIF1/YRDC/TGIF1/SOCS3/TANK/SDC4/JUN/BTG3/DUSP2/EGR1/TRIB1/MAFF/HBEGF/PTGS2/CEBPB/PNRC1/KLF6/CXCL2/CCN1/KLF4/DUSP5/ID2/PHLDA1/MAP3K8/RHOB/BTG1/NFKBIA/GADD45B/ZFP36/CEBPD/NR4A1/FOS/IRS2/DUSP1/NR4A2/FOSB","Hallmark"
"HALLMARK_KRAS_SIGNALING_UP","HALLMARK_KRAS_SIGNALING_UP",173,-0.533597864394278,-1.90805684712623,3.6252457685743e-07,9.06311442143574e-06,6.48728190165927e-06,2320,"tags=29%, list=17%, signal=25%","ERO1A/CLEC4A/NGF/CCND2/INHBA/ALDH1A3/IGFBP3/PEG3/CROT/MAP7/HDAC9/PLAUR/IL1B/RGS16/ETV1/NR1H4/MAFB/CBR4/ETV5/TNFAIP3/ADGRL4/DCBLD2/TFPI/IRF8/BMP2/LY96/SATB1/TMEM100/MMD/DUSP6/ADAM17/PPP1R15A/PTBP2/TSPAN7/GLRX/FBXO4/ZNF639/YRDC/NR0B2/SPRY2/GNG11/TRIB1/ANXA10/HBEGF/PTGS2/PRDM1/CXCR4/TOR1AIP2/KLF4/ID2/GADD45G","Hallmark"
"HALLMARK_APICAL_JUNCTION","HALLMARK_APICAL_JUNCTION",164,0.507066810860253,1.71167396959699,5.78720018331287e-05,0.000964533363885479,0.000690402828886448,2173,"tags=27%, list=16%, signal=23%","IKBKG/ADAM15/AKT2/CRAT/TUBG1/LAMB3/LDLRAP1/TAOK2/ACTN4/LAMA3/VAV2/CDH15/GNAI2/BAIAP2/MPZL1/PLCG1/MSN/CTNNA1/MVD/SYMPK/NF2/TSPAN4/CRB3/PCDH1/ADRA1B/NECTIN1/MYH9/CTNND1/CD276/SRC/TGFBI/ZYX/NRTN/CDH1/INPPL1/GTF2F1/PKD1/PBX2/MAP4K2/ITGB1/HADH/RHOF/ACTN1/CLDN15","Hallmark"
"HALLMARK_MTORC1_SIGNALING","HALLMARK_MTORC1_SIGNALING",197,0.47085642385721,1.61886965350277,0.000243045259063328,0.0030380657382916,0.00217461547582978,1753,"tags=23%, list=13%, signal=20%","ENO1/PFKL/NMT1/FADS2/CYP51A1/PSME3/SQSTM1/FDXR/IMMT/SCD/TUBG1/STIP1/DHCR24/CDKN1A/GPI/ALDOA/SLC7A5/M6PR/EPRS1/GAPDH/ABCF2/YKT6/HSPA4/ACACA/FADS1/DHCR7/TPI1/CALR/TM7SF2/ME1/RPA1/ELOVL5/CDC25A/MCM2/PGK1/ACLY/MCM4/G6PD/PSMC4/PGM1/CCNF/NUP205/SORD/CORO1A/TXNRD1","Hallmark"
"HALLMARK_HYPOXIA","HALLMARK_HYPOXIA",175,-0.441994272067791,-1.58467473724713,0.000543166682817277,0.00543166682817277,0.00388792994016578,903,"tags=19%, list=7%, signal=18%","PCK1/TIPARP/SDC2/EFNA1/TPD52/PPP1R15A/CDKN1C/NFIL3/GLRX/FOXO3/FOSL2/PFKFB3/ATF3/WSB1/CCN2/PIM1/SDC4/ADM/JUN/MXI1/MAFF/CDKN1B/IDS/PNRC1/IGFBP1/KLF6/CXCR4/CCN1/BTG1/ZFP36/FOS/IRS2/DUSP1","Hallmark"
"HALLMARK_UV_RESPONSE_UP","HALLMARK_UV_RESPONSE_UP",138,-0.45353871304042,-1.59552795886808,0.00138311932306704,0.011525994358892,0.00825018543583846,610,"tags=12%, list=5%, signal=11%","CDKN1C/APOM/JUNB/ATF3/LHX2/BTG3/NAT1/CDO1/GGH/CXCL2/RHOB/BTG1/NFKBIA/NR4A1/FOS/FOSB","Hallmark"
"HALLMARK_TGF_BETA_SIGNALING","HALLMARK_TGF_BETA_SIGNALING",52,-0.54820806270846,-1.64980202033355,0.00253311346863949,0.0180936676331392,0.0129512568321418,1508,"tags=35%, list=11%, signal=31%","SERPINE1/BMPR1A/KLF10/ARID4B/SKIL/BMP2/SLC20A1/ACVR1/SMURF2/WWTR1/PPP1R15A/FKBP1A/CDKN1C/FNTA/JUNB/TGIF1/THBS1/ID2","Hallmark"
"HALLMARK_BILE_ACID_METABOLISM","HALLMARK_BILE_ACID_METABOLISM",103,0.487298111308011,1.55634091396804,0.00365597761979292,0.0228498601237058,0.0163556893517052,1791,"tags=22%, list=13%, signal=19%","FADS2/SLC29A1/FDXR/SLC35B2/ABCA2/PEX26/SLC23A1/DHCR24/BCAR3/PEX6/ABCA3/FADS1/ABCD1/CYP7A1/RETSAT/PEX11G/OPTN/PAOX/IDH2/PIPOX/GC/PEX16/HACL1","Hallmark"
"HALLMARK_UV_RESPONSE_DN","HALLMARK_UV_RESPONSE_DN",134,-0.432706635933209,-1.51418547568409,0.00522428813891822,0.0290238229939901,0.0207749469851719,1849,"tags=25%, list=14%, signal=21%","DMAC2L/KALRN/TENT4A/PDLIM5/IRS1/APBB2/ACVR2A/SYNJ2/CAV1/SERPINE1/BMPR1A/MRPS31/SRI/TFPI/GJA1/YTHDC1/MT1E/SPOP/DYRK1A/RASA2/BCKDHB/SDC2/MYC/FYN/PRKAR2B/TGFBR3/CDK13/MAGI2/NFIB/DLC1/CDKN1B/CCN1/DUSP1","Hallmark"
"HALLMARK_MITOTIC_SPINDLE","HALLMARK_MITOTIC_SPINDLE",192,0.412043961607612,1.4168122571291,0.00656473505616208,0.0326068484557665,0.0233396388946539,3670,"tags=40%, list=28%, signal=29%","DYNC1H1/CDK5RAP2/SPTAN1/MID1IP1/KATNB1/CDC42EP4/TBCD/LLGL1/INCENP/TAOK2/RALBP1/HDAC6/CDC42EP1/ACTN4/BCAR1/BIN1/CSNK1D/SEPTIN9/MAP1S/TUBGCP2/FLNA/ARHGEF11/NOTCH2/CEP250/CLIP2/MYH9/CKAP5/PRC1/MAP3K11/CTTN/RHOT2/ARHGDIA/ABL1/RAB3GAP1/EPB41/BCR/NUMA1/SUN2/CEP131/WASF2/MYO1E/RHOF/RFC1/ALMS1/ARL8A/PAFAH1B1/PREX1/TUBA4A/ATG4B/MYO9B/DYNLL2/KIF1B/GSN/PCNT/ABR/CLASP1/SYNPO/TOP2A/MARK4/TUBGCP5/RACGAP1/KIF3B/ALS2/FSCN1/EZR/TRIO/GEMIN4/BUB1/DOCK2/ARHGAP4/MYH10/AKAP13/KIF23/CENPF/FLNB/KATNA1/SAC3D1","Hallmark"
"HALLMARK_IL2_STAT5_SIGNALING","HALLMARK_IL2_STAT5_SIGNALING",178,-0.378303614615391,-1.36369298780687,0.00717350666026862,0.0326068484557665,0.0233396388946539,2729,"tags=30%, list=21%, signal=24%","RABGAP1L/IGF1R/PTCH1/FGL2/GSTO1/PRKCH/POU2F1/SLC39A8/CD83/ENPP1/P4HA1/PTRH2/CDC42SE2/HOPX/CCND2/BMPR2/RHOH/ARL4A/BATF3/PLSCR1/HYCC2/AHR/GUCY1B1/RORA/RRAGD/RGS16/PHTF2/IFNGR1/TWSG1/ETFBKMT/SPRED2/EEF1AKMT1/IRF8/BMP2/TTC39B/SMPDL3A/MYC/PRNP/PLPP1/SCN9A/TIAM1/CDKN1C/NFKBIZ/NFIL3/TNFSF11/PIM1/MAFF/KLF6/SOCS2/PHLDA1/MAP3K8/RHOB/GADD45B","Hallmark"
"KEGG_RIBOSOME","KEGG_RIBOSOME",85,-0.780161999516562,-2.51955637775405,1.413869314559e-15,2.60151953878856e-13,2.29195657307459e-13,1822,"tags=60%, list=14%, signal=52%","RPL21/RPS26/RPL26L1/FAU/RPS27L/RPL35/RPS27A/RPL19/RPS29/RPL26/RPL36AL/RPL11/RPL7A/RPS24/RPS18/RPS21/RPL30/RPS16/RPS11/RPS6/RPL27A/RPL27/RPS23/RPL22/RPL37A/RPL12/RPL9/RPS17/RPS3A/RPS4X/RPL31/RPL23/RPL32/RPL6/RPS7/RPS25/RPL34/RPL5/RPS15A/RPS20/RPL39/RPL38/RPL24/RPS8/RPL35A/RPL14/RPL37/RPL15/RSL24D1/RPL22L1/RPS13","KEGG"
"KEGG_LYSOSOME","KEGG_LYSOSOME",112,0.551697038566057,1.757932449901,5.67987931517468e-05,0.00522548896996071,0.00460369165545737,2910,"tags=41%, list=22%, signal=32%","ATP6V0D1/GLB1/PSAP/ABCA2/MAN2B1/ATP6V0A1/AP1M1/LAMP1/CTNS/GBA1/HEXA/M6PR/ARSA/HGSNAT/MCOLN1/IGF2R/AP1B1/SMPD1/AP3D1/CTSD/GM2A/ACP5/CLTCL1/TCIRG1/AP3S2/AP3M2/HYAL1/GGA3/CTSF/TPP1/GLA/NAGA/AP3M1/NAGPA/MANBA/AP1M2/ACP2/SLC17A5/ATP6AP1/GAA/GNS/CTSZ/DNASE2/ENTPD4/ARSG/AP1S3","KEGG"
"KEGG_AMINOACYL_TRNA_BIOSYNTHESIS","KEGG_AMINOACYL_TRNA_BIOSYNTHESIS",41,0.643640092049349,1.72137782849401,0.00073788646005022,0.0452570362164135,0.0398717595956961,1838,"tags=41%, list=14%, signal=36%","VARS1/MARS1/AARS1/PARS2/EARS2/LARS2/SARS1/EPRS1/QARS1/FARSA/YARS1/MARS2/CARS1/VARS2/IARS1/TARS2/GARS1","KEGG"
"GOBP_CYTOPLASMIC_TRANSLATION","GOBP_CYTOPLASMIC_TRANSLATION",160,-0.539964022261482,-1.93630802961692,6.18656799497703e-07,0.00287861008806281,0.00267845833298321,1898,"tags=40%, list=14%, signal=35%","EIF2S3/EIF3F/YBX3/RPL21/RPS26/RPL26L1/FAU/HNRNPU/RPL35/RPS27A/CPEB2/RPL19/RPS29/RPL26/NCBP2/RPS14/SLBP/DHX36/RPL11/RPL7A/RPS24/RPS18/FMR1/RPS21/EIF3E/RPL30/RPS16/RPS11/CPEB4/RPS6/RPL27A/RPL27/RPS23/RPL22/RPL37A/EIF3M/RPL12/RPL9/RPS17/RPS3A/RPS4X/CPEB3/RPL31/RPL23/RPL32/RPL6/RPS7/CNBP/RPS25/RPL34/RPL5/RPS15A/RPS20/RPL39/RPL38/RPL24/RPS8/RPL35A/RPL14/RPL37/RPL15/HNRNPD/RPL22L1/RPS13","GO_BP"
"GOBP_RESPONSE_TO_CALCIUM_ION","GOBP_RESPONSE_TO_CALCIUM_ION",102,-0.549002517830267,-1.83176560611216,4.70751472689401e-05,0.0366580064823898,0.0341091498777403,1573,"tags=26%, list=12%, signal=24%","CAV1/MICU2/CALM2/BRAF/MEF2C/NFATC2/PRKAA1/EDN1/KCNMB3/CPNE8/CAMK2D/PDCD6/KCNMB4/SLC25A12/ADGRV1/JUNB/INHBB/MICU3/JUND/CALM1/JUN/MEF2A/THBS1/HNRNPD/FOS/DUSP1/FOSB","GO_BP"
"GOBP_CARBOHYDRATE_CATABOLIC_PROCESS","GOBP_CARBOHYDRATE_CATABOLIC_PROCESS",152,0.517260011833108,1.72422699923878,5.12741945107173e-05,0.0366580064823898,0.0341091498777403,1636,"tags=24%, list=12%, signal=22%","ENO1/PFKL/MTOR/PYGB/GLB1/PKLR/STBD1/MAN2B1/GPD1/PGAM1/OGDH/LRP5/MLST8/GPI/ALDOA/RPTOR/PRKAG1/GAPDH/ATG2A/JMJD8/PPP1CA/WIPI2/GCK/TREH/TPI1/MAN2B2/FOXK1/TKFC/ENO3/NEU3/PGK1/GM2A/PYGL/PGM1/SRC/PSEN1/SORD","GO_BP"
"GOBP_SECONDARY_ALCOHOL_METABOLIC_PROCESS","GOBP_SECONDARY_ALCOHOL_METABOLIC_PROCESS",139,0.514141283259729,1.69669806505621,3.71388562438855e-05,0.0366580064823898,0.0341091498777403,1701,"tags=29%, list=13%, signal=25%","CYP51A1/CES1/FDXR/ABCA2/SCARB1/HDLBP/LDLRAP1/DHCR24/GBA1/LRP5/LSS/SREBF2/STARD3/NFE2L1/UGT1A4/SCAP/APOE/MVK/CLN8/KPNB1/SMPD1/FDPS/CYB5R3/DHCR7/GBA2/SEC14L2/MVD/TM7SF2/CYP7A1/LMF1/FECH/ACLY/G6PD/CYP11A1/CLN6/IDH2/DGKQ/IDH3G/NPC1L1/PCSK9","GO_BP"
"GOBP_FAT_CELL_DIFFERENTIATION","GOBP_FAT_CELL_DIFFERENTIATION",194,-0.458691744562495,-1.68110462879612,5.51485160921402e-05,0.0366580064823898,0.0341091498777403,1736,"tags=24%, list=13%, signal=21%","TBL1XR1/RORA/HNRNPU/PIAS1/OSBPL11/RUNX1T1/FERMT2/MAFB/TTC8/STK3/ADRB2/FABP3/ZFPM2/PLCB1/BMP2/ZFP36L1/WWTR1/AAMDC/SAV1/SYAP1/SIRT1/CTBP2/C1QTNF3/ARID5B/HES1/NUDT7/FOSL2/INHBB/EGR2/PER2/PIM1/RETREG1/ZFP36L2/BNIP3/FOXO1/TCF7L2/PTGS2/CEBPB/DUSP10/KLF4/ID2/ZFP36/CEBPD/RGS2/NR4A1/NR4A2","GO_BP"
"GOBP_GOLGI_VESICLE_TRANSPORT","GOBP_GOLGI_VESICLE_TRANSPORT",293,0.443281023163104,1.5794586197546,2.59620577710505e-05,0.0366580064823898,0.0341091498777403,1768,"tags=23%, list=13%, signal=20%","TEX261/NAPA/YIF1B/VCP/SCYL1/CCDC22/SCAMP3/CCDC93/NRBP1/GOSR2/DNM2/TRAPPC10/SURF4/GBF1/KIF1C/AP2A1/P4HB/LAMP1/ATP9B/ANKFY1/NBAS/SCAMP2/LLGL1/ERGIC1/SEC24C/MYO18A/YIF1A/RER1/ATP9A/YKT6/CSNK1D/SCAP/SNX8/TBC1D14/HTT/LMAN2/SNX1/RAB1B/RAB8A/RABGGTA/COG4/HYOU1/VPS35L/ZW10/RAB11FIP3/CUX1/RABIF/AP3D1/COG1/COG2/BCAP31/ANXA13/SNX12/LMF1/KRT18/GAK/VPS51/BET1L/OPTN/AP5Z1/AP3S2/VPS52/NSF/ARFRP1/GGA3/COPG2","GO_BP"
"GOBP_REGULATION_OF_AUTOPHAGY","GOBP_REGULATION_OF_AUTOPHAGY",336,0.435379089037559,1.56903372932293,3.13366321306953e-05,0.0366580064823898,0.0341091498777403,1907,"tags=24%, list=14%, signal=21%","KDM4A/IKBKG/CAPN1/PIP4K2C/ATP6V0D1/MTOR/RNF31/ATG13/SQSTM1/PSAP/EIF4G1/WDR24/KLHL22/AMBRA1/HUWE1/ATP6V0A1/GPR137/MUL1/UBQLN4/DAPK3/ATP13A2/GBA1/FYCO1/TRIM32/EEF1A2/MLST8/UBR4/DDRGK1/BCL2L1/SLC7A5/RPTOR/HDAC6/TRIM21/GAPDH/SREBF2/TOM1/SMCR8/EXOC7/VPS13D/STK11/TBC1D14/HTT/ATG2A/RAB8A/TREM2/BECN1/CAMKK2/IRGQ/DELE1/PINK1/MID2/LRSAM1/PIP4K2B/FOXK1/TICAM1/MAPK3/PHF23/PLK2/HERC1/TSC2/ATG16L1/LARP1/POLDIP2/NLRP6/OPTN/DHRSX/KAT5/CPTP/CTTN/QSOX1/ADRA1A/AKT1/TFEB/STAT3/ABL1/RAB3GAP1/TPCN2/CAPNS1/SREBF1","GO_BP"
"GOBP_REGULATION_OF_ORGAN_GROWTH","GOBP_REGULATION_OF_ORGAN_GROWTH",67,-0.597936239822667,-1.8732846805137,6.8152709686808e-05,0.0396393197715897,0.0368831703870844,1875,"tags=36%, list=14%, signal=31%","YBX3/JARID2/LATS1/MEF2C/SERP1/BMPR1A/STK3/RBPJ/ZFPM2/EDN1/YY1/FGF2/DUSP6/SAV1/TGFBR3/FXN/SOD1/HEY2/BASP1/PIM1/GATA6/LATS2/FOXP1/RGS2","GO_BP"
"GOBP_MONOSACCHARIDE_CATABOLIC_PROCESS","GOBP_MONOSACCHARIDE_CATABOLIC_PROCESS",46,0.674403893330084,1.87518579567624,0.000104975892205677,0.0432709184863068,0.0402622615254855,2893,"tags=46%, list=22%, signal=36%","ENO1/PFKL/GLB1/PGAM1/LRP5/GPI/GCK/TPI1/FOXK1/TKFC/ENO3/PGK1/PGM1/TIGAR/HK3/PFKFB2/PFKM/PKM/BAD/FUT10/FOXK2","GO_BP"
"GOBP_POSITIVE_REGULATION_OF_MACROAUTOPHAGY","GOBP_POSITIVE_REGULATION_OF_MACROAUTOPHAGY",90,0.575742711855169,1.80258158760826,9.90056992840272e-05,0.0432709184863068,0.0402622615254855,1482,"tags=30%, list=11%, signal=27%","IKBKG/PIP4K2C/RNF31/WDR24/AMBRA1/HUWE1/MUL1/GBA1/FYCO1/TRIM32/DDRGK1/HDAC6/TOM1/SMCR8/VPS13D/HTT/ATG2A/BECN1/DELE1/PINK1/LRSAM1/PIP4K2B/MAPK3/TSC2/LARP1/OPTN/KAT5","GO_BP"
"GOBP_ORGAN_GROWTH","GOBP_ORGAN_GROWTH",131,-0.492211249591986,-1.71136298457904,0.000111594889713235,0.0432709184863068,0.0402622615254855,1875,"tags=30%, list=14%, signal=26%","ACVR2B/NLGN4X/YBX3/JARID2/S1PR1/PDLIM5/PRKG1/LATS1/FGF7/MEF2C/SERP1/BMPR1A/STK3/RBPJ/IFT80/ZFPM2/UBE3A/PRKAR1A/EDN1/IER3IP1/YY1/PLAG1/FGF2/DUSP6/SAV1/TGFBR3/FOSL2/FXN/MEIS1/SOD1/HEY2/BASP1/PIM1/SPRY2/GATA6/LATS2/FOXP1/DIPK2A/RGS2","GO_BP"
"GOBP_GLYCOPROTEIN_METABOLIC_PROCESS","GOBP_GLYCOPROTEIN_METABOLIC_PROCESS",322,0.418770336899082,1.50599846308456,0.000105023078240058,0.0432709184863068,0.0402622615254855,2356,"tags=26%, list=18%, signal=22%","EXTL3/NDST1/DHDDS/DPAGT1/GLB1/SLC35B2/ABCA2/GORASP1/LARGE1/MAN2B1/CHPF2/DOLK/SULF2/ALG3/GANAB/HEXA/RPN2/FBXO2/MGAT4B/DOLPP1/CWH43/FBXO27/AMFR/RNF185/CCDC134/CANT1/GPC1/HGSNAT/MGAT1/DDOST/NCSTN/POFUT1/POMT2/RAB1B/MAN1B1/PCSK6/PLOD3/ALG1/ITM2C/GALNT18/PMM2/POGLUT2/FBXO6/B4GALT4/LMF1/SLC35C2/PRKCSH/AATF/ALG12/B3GALNT2/B3GNT8/PSEN1/ST3GAL3/POMGNT2/EXT2/MGAT5/HYAL1/ACOT8/GALNT2/STT3A/B4GALT5/GMPPB/HS6ST1/B4GALT2/CHST13/CHST9/SLC51B/POMGNT1/SLC34A1/DERL3/XYLT2/CTNNB1/UGGT1/ABCA7/NEU4/AGO2/GMPPA/NAGPA/LARGE2/GALNT10/MANBA/EDEM2/COLGALT1/FBXO44","GO_BP"
"GOBP_NADH_METABOLIC_PROCESS","GOBP_NADH_METABOLIC_PROCESS",38,0.685663786621852,1.849032681239,0.000126446446440138,0.0452581011758432,0.0421112740249625,1392,"tags=39%, list=10%, signal=35%","ENO1/PFKL/VCP/GPD1/PGAM1/OGDH/GPI/MDH2/SLC25A22/GCK/TPI1/FOXK1/ME1/ENO3/PGK1","GO_BP"
"GOBP_NEGATIVE_REGULATION_OF_AUTOPHAGY","GOBP_NEGATIVE_REGULATION_OF_AUTOPHAGY",90,0.569230415979497,1.78219236791546,0.000148953395889868,0.0453032233077933,0.0421532587837963,1756,"tags=28%, list=13%, signal=24%","KDM4A/MTOR/EIF4G1/KLHL22/UBQLN4/MLST8/BCL2L1/SLC7A5/RPTOR/HDAC6/SMCR8/TBC1D14/TREM2/BECN1/PINK1/FOXK1/PHF23/HERC1/TSC2/POLDIP2/CPTP/QSOX1/ADRA1A/AKT1/STAT3","GO_BP"
"GOBP_NUCLEOSIDE_DIPHOSPHATE_CATABOLIC_PROCESS","GOBP_NUCLEOSIDE_DIPHOSPHATE_CATABOLIC_PROCESS",95,0.550545906989514,1.73185866411248,0.000155781554464795,0.0453032233077933,0.0421532587837963,1540,"tags=25%, list=12%, signal=23%","ENO1/PFKL/MTOR/ENTPD8/PKLR/GPD1/PGAM1/OGDH/MLST8/GPI/ALDOA/RPTOR/PRKAG1/GAPDH/ENTPD7/JMJD8/GCK/TPI1/FOXK1/ENO3/PGK1/PGM1/SRC/PSEN1","GO_BP"
"GOBP_MUSCLE_TISSUE_DEVELOPMENT","GOBP_MUSCLE_TISSUE_DEVELOPMENT",305,-0.401861972661756,-1.54912283645635,0.000146348819117439,0.0453032233077933,0.0421532587837963,1950,"tags=20%, list=15%, signal=17%","CXADR/SAP30/IFRD1/BTG2/YBX3/JARID2/S1PR1/PDLIM5/PRKG1/HDAC9/HNRNPU/MCUB/ATG5/CAV1/SMAD4/NR2F2/MEF2C/BMPR1A/PRKAA1/CCNT2/RBPJ/ZFPM2/CFL2/PRKAR1A/GJA1/EDN1/SKIL/YY1/BMP2/FZD7/FGF2/TIPARP/ACVR1/MYC/FOXP2/FKBP1A/SAV1/TGFBR3/NACA/FOSL2/MEIS1/ATF3/PPP3CB/EGR2/HEY2/GPCPD1/IFT20/PIM1/ZBTB18/MEF2A/EGR1/GATA6/MAFF/FOXP1/DIPK2A/MBD2/ID2/RGS2/NR4A1/FOS/ZFAND5","GO_BP"
