"","title","geo_accession","status","submission_date","last_update_date","type","channel_count","source_name_ch1","organism_ch1","characteristics_ch1","characteristics_ch1.1","characteristics_ch1.2","characteristics_ch1.3","characteristics_ch1.4","molecule_ch1","extract_protocol_ch1","extract_protocol_ch1.1","taxid_ch1","description","data_processing","data_processing.1","data_processing.2","platform_id","contact_name","contact_laboratory","contact_department","contact_institute","contact_address","contact_city","contact_zip/postal_code","contact_country","data_row_count","instrument_model","library_selection","library_source","library_strategy","relation","relation.1","supplementary_file_1","supplementary_file_2","supplementary_file_3","cause of liver disease:ch1","cell subtype:ch1","disease status:ch1","population:ch1","Sex:ch1"
"GSM4041150","Healthy1_Cd45+","GSM4041150","Public on Sep 12 2019","Aug 21 2019","Sep 13 2019","SRA","1","Liver","Homo sapiens","disease status: healthy","population: Leucocytes","cause of liver disease: None","Sex: Male","cell subtype: Cd45+","total RNA","Enzymatic digestion and FACS","10X Genomics Single cell 3' gene expression V2","9606","10X Genomics Single cell 3' gene expression V2","Demultiplexing, alignment, and estimation of cell-containing partitions and associated UMIs using Cell Ranger 2.1.0.","Genome_build: GRCh38 / mm10 (Ensembl 84)","Supplementary_files_format_and_content: mtx: count matrix in sparse matrix format; barcodes.tsv: barcode ids per sample; genes.tsv: gene ids per sample","GPL20301","John,Roger,Wilson-Kanamori","Henderson","Centre for Inflammation Research","University of Edinburgh","47 Little France Crescent","Edinburgh","EH16 4TJ","United Kingdom","0","Illumina HiSeq 4000","cDNA","transcriptomic","RNA-Seq","BioSample: https://www.ncbi.nlm.nih.gov/biosample/SAMN12614701","SRA: https://www.ncbi.nlm.nih.gov/sra?term=SRX6747672","ftp://ftp.ncbi.nlm.nih.gov/geo/samples/GSM4041nnn/GSM4041150/suppl/GSM4041150_healthy1_cd45+_barcodes.tsv.gz","ftp://ftp.ncbi.nlm.nih.gov/geo/samples/GSM4041nnn/GSM4041150/suppl/GSM4041150_healthy1_cd45+_genes.tsv.gz","ftp://ftp.ncbi.nlm.nih.gov/geo/samples/GSM4041nnn/GSM4041150/suppl/GSM4041150_healthy1_cd45+_matrix.mtx.gz","None","Cd45+","healthy","Leucocytes","Male"
"GSM4041151","Healthy1_Cd45-A","GSM4041151","Public on Sep 12 2019","Aug 21 2019","Sep 13 2019","SRA","1","Liver","Homo sapiens","disease status: healthy","population: Other NPC","cause of liver disease: None","Sex: Male","cell subtype: Cd45-","total RNA","Enzymatic digestion and FACS","10X Genomics Single cell 3' gene expression V2","9606","10X Genomics Single cell 3' gene expression V2","Demultiplexing, alignment, and estimation of cell-containing partitions and associated UMIs using Cell Ranger 2.1.0.","Genome_build: GRCh38 / mm10 (Ensembl 84)","Supplementary_files_format_and_content: mtx: count matrix in sparse matrix format; barcodes.tsv: barcode ids per sample; genes.tsv: gene ids per sample","GPL20301","John,Roger,Wilson-Kanamori","Henderson","Centre for Inflammation Research","University of Edinburgh","47 Little France Crescent","Edinburgh","EH16 4TJ","United Kingdom","0","Illumina HiSeq 4000","cDNA","transcriptomic","RNA-Seq","BioSample: https://www.ncbi.nlm.nih.gov/biosample/SAMN12614700","SRA: https://www.ncbi.nlm.nih.gov/sra?term=SRX6747673","ftp://ftp.ncbi.nlm.nih.gov/geo/samples/GSM4041nnn/GSM4041151/suppl/GSM4041151_healthy1_cd45-A_barcodes.tsv.gz","ftp://ftp.ncbi.nlm.nih.gov/geo/samples/GSM4041nnn/GSM4041151/suppl/GSM4041151_healthy1_cd45-A_genes.tsv.gz","ftp://ftp.ncbi.nlm.nih.gov/geo/samples/GSM4041nnn/GSM4041151/suppl/GSM4041151_healthy1_cd45-A_matrix.mtx.gz","None","Cd45-","healthy","Other NPC","Male"
"GSM4041152","Healthy1_Cd45-B","GSM4041152","Public on Sep 12 2019","Aug 21 2019","Sep 13 2019","SRA","1","Liver","Homo sapiens","disease status: healthy","population: Other NPC","cause of liver disease: None","Sex: Male","cell subtype: Cd45-","total RNA","Enzymatic digestion and FACS","10X Genomics Single cell 3' gene expression V2","9606","10X Genomics Single cell 3' gene expression V2","Demultiplexing, alignment, and estimation of cell-containing partitions and associated UMIs using Cell Ranger 2.1.0.","Genome_build: GRCh38 / mm10 (Ensembl 84)","Supplementary_files_format_and_content: mtx: count matrix in sparse matrix format; barcodes.tsv: barcode ids per sample; genes.tsv: gene ids per sample","GPL20301","John,Roger,Wilson-Kanamori","Henderson","Centre for Inflammation Research","University of Edinburgh","47 Little France Crescent","Edinburgh","EH16 4TJ","United Kingdom","0","Illumina HiSeq 4000","cDNA","transcriptomic","RNA-Seq","BioSample: https://www.ncbi.nlm.nih.gov/biosample/SAMN12614699","SRA: https://www.ncbi.nlm.nih.gov/sra?term=SRX6747674","ftp://ftp.ncbi.nlm.nih.gov/geo/samples/GSM4041nnn/GSM4041152/suppl/GSM4041152_healthy1_cd45-B_barcodes.tsv.gz","ftp://ftp.ncbi.nlm.nih.gov/geo/samples/GSM4041nnn/GSM4041152/suppl/GSM4041152_healthy1_cd45-B_genes.tsv.gz","ftp://ftp.ncbi.nlm.nih.gov/geo/samples/GSM4041nnn/GSM4041152/suppl/GSM4041152_healthy1_cd45-B_matrix.mtx.gz","None","Cd45-","healthy","Other NPC","Male"
"GSM4041153","Healthy2_Cd45+","GSM4041153","Public on Sep 12 2019","Aug 21 2019","Sep 13 2019","SRA","1","Liver","Homo sapiens","disease status: healthy","population: Leucocytes","cause of liver disease: None","Sex: Male","cell subtype: Cd45+","total RNA","Enzymatic digestion and FACS","10X Genomics Single cell 3' gene expression V2","9606","10X Genomics Single cell 3' gene expression V2","Demultiplexing, alignment, and estimation of cell-containing partitions and associated UMIs using Cell Ranger 2.1.0.","Genome_build: GRCh38 / mm10 (Ensembl 84)","Supplementary_files_format_and_content: mtx: count matrix in sparse matrix format; barcodes.tsv: barcode ids per sample; genes.tsv: gene ids per sample","GPL20301","John,Roger,Wilson-Kanamori","Henderson","Centre for Inflammation Research","University of Edinburgh","47 Little France Crescent","Edinburgh","EH16 4TJ","United Kingdom","0","Illumina HiSeq 4000","cDNA","transcriptomic","RNA-Seq","BioSample: https://www.ncbi.nlm.nih.gov/biosample/SAMN12614698","SRA: https://www.ncbi.nlm.nih.gov/sra?term=SRX6747675","ftp://ftp.ncbi.nlm.nih.gov/geo/samples/GSM4041nnn/GSM4041153/suppl/GSM4041153_healthy2_cd45+_barcodes.tsv.gz","ftp://ftp.ncbi.nlm.nih.gov/geo/samples/GSM4041nnn/GSM4041153/suppl/GSM4041153_healthy2_cd45+_genes.tsv.gz","ftp://ftp.ncbi.nlm.nih.gov/geo/samples/GSM4041nnn/GSM4041153/suppl/GSM4041153_healthy2_cd45+_matrix.mtx.gz","None","Cd45+","healthy","Leucocytes","Male"
"GSM4041154","Healthy2_Cd45-","GSM4041154","Public on Sep 12 2019","Aug 21 2019","Sep 13 2019","SRA","1","Liver","Homo sapiens","disease status: healthy","population: Other NPC","cause of liver disease: None","Sex: Male","cell subtype: Cd45-","total RNA","Enzymatic digestion and FACS","10X Genomics Single cell 3' gene expression V2","9606","10X Genomics Single cell 3' gene expression V2","Demultiplexing, alignment, and estimation of cell-containing partitions and associated UMIs using Cell Ranger 2.1.0.","Genome_build: GRCh38 / mm10 (Ensembl 84)","Supplementary_files_format_and_content: mtx: count matrix in sparse matrix format; barcodes.tsv: barcode ids per sample; genes.tsv: gene ids per sample","GPL20301","John,Roger,Wilson-Kanamori","Henderson","Centre for Inflammation Research","University of Edinburgh","47 Little France Crescent","Edinburgh","EH16 4TJ","United Kingdom","0","Illumina HiSeq 4000","cDNA","transcriptomic","RNA-Seq","BioSample: https://www.ncbi.nlm.nih.gov/biosample/SAMN12614697","SRA: https://www.ncbi.nlm.nih.gov/sra?term=SRX6747676","ftp://ftp.ncbi.nlm.nih.gov/geo/samples/GSM4041nnn/GSM4041154/suppl/GSM4041154_healthy2_cd45-_barcodes.tsv.gz","ftp://ftp.ncbi.nlm.nih.gov/geo/samples/GSM4041nnn/GSM4041154/suppl/GSM4041154_healthy2_cd45-_genes.tsv.gz","ftp://ftp.ncbi.nlm.nih.gov/geo/samples/GSM4041nnn/GSM4041154/suppl/GSM4041154_healthy2_cd45-_matrix.mtx.gz","None","Cd45-","healthy","Other NPC","Male"
"GSM4041155","Healthy3_Cd45+","GSM4041155","Public on Sep 12 2019","Aug 21 2019","Sep 13 2019","SRA","1","Liver","Homo sapiens","disease status: healthy","population: Leucocytes","cause of liver disease: None","Sex: Male","cell subtype: Cd45+","total RNA","Enzymatic digestion and FACS","10X Genomics Single cell 3' gene expression V2","9606","10X Genomics Single cell 3' gene expression V2","Demultiplexing, alignment, and estimation of cell-containing partitions and associated UMIs using Cell Ranger 2.1.0.","Genome_build: GRCh38 / mm10 (Ensembl 84)","Supplementary_files_format_and_content: mtx: count matrix in sparse matrix format; barcodes.tsv: barcode ids per sample; genes.tsv: gene ids per sample","GPL20301","John,Roger,Wilson-Kanamori","Henderson","Centre for Inflammation Research","University of Edinburgh","47 Little France Crescent","Edinburgh","EH16 4TJ","United Kingdom","0","Illumina HiSeq 4000","cDNA","transcriptomic","RNA-Seq","BioSample: https://www.ncbi.nlm.nih.gov/biosample/SAMN12614696","SRA: https://www.ncbi.nlm.nih.gov/sra?term=SRX6747677","ftp://ftp.ncbi.nlm.nih.gov/geo/samples/GSM4041nnn/GSM4041155/suppl/GSM4041155_healthy3_cd45+_barcodes.tsv.gz","ftp://ftp.ncbi.nlm.nih.gov/geo/samples/GSM4041nnn/GSM4041155/suppl/GSM4041155_healthy3_cd45+_genes.tsv.gz","ftp://ftp.ncbi.nlm.nih.gov/geo/samples/GSM4041nnn/GSM4041155/suppl/GSM4041155_healthy3_cd45+_matrix.mtx.gz","None","Cd45+","healthy","Leucocytes","Male"
"GSM4041156","Healthy3_Cd45-A","GSM4041156","Public on Sep 12 2019","Aug 21 2019","Sep 13 2019","SRA","1","Liver","Homo sapiens","disease status: healthy","population: Other NPC","cause of liver disease: None","Sex: Male","cell subtype: Cd45-","total RNA","Enzymatic digestion and FACS","10X Genomics Single cell 3' gene expression V2","9606","10X Genomics Single cell 3' gene expression V2","Demultiplexing, alignment, and estimation of cell-containing partitions and associated UMIs using Cell Ranger 2.1.0.","Genome_build: GRCh38 / mm10 (Ensembl 84)","Supplementary_files_format_and_content: mtx: count matrix in sparse matrix format; barcodes.tsv: barcode ids per sample; genes.tsv: gene ids per sample","GPL20301","John,Roger,Wilson-Kanamori","Henderson","Centre for Inflammation Research","University of Edinburgh","47 Little France Crescent","Edinburgh","EH16 4TJ","United Kingdom","0","Illumina HiSeq 4000","cDNA","transcriptomic","RNA-Seq","BioSample: https://www.ncbi.nlm.nih.gov/biosample/SAMN12614717","SRA: https://www.ncbi.nlm.nih.gov/sra?term=SRX6747678","ftp://ftp.ncbi.nlm.nih.gov/geo/samples/GSM4041nnn/GSM4041156/suppl/GSM4041156_healthy3_cd45-A_barcodes.tsv.gz","ftp://ftp.ncbi.nlm.nih.gov/geo/samples/GSM4041nnn/GSM4041156/suppl/GSM4041156_healthy3_cd45-A_genes.tsv.gz","ftp://ftp.ncbi.nlm.nih.gov/geo/samples/GSM4041nnn/GSM4041156/suppl/GSM4041156_healthy3_cd45-A_matrix.mtx.gz","None","Cd45-","healthy","Other NPC","Male"
"GSM4041157","Healthy3_Cd45-B","GSM4041157","Public on Sep 12 2019","Aug 21 2019","Sep 13 2019","SRA","1","Liver","Homo sapiens","disease status: healthy","population: Other NPC","cause of liver disease: None","Sex: Male","cell subtype: Cd45-","total RNA","Enzymatic digestion and FACS","10X Genomics Single cell 3' gene expression V2","9606","10X Genomics Single cell 3' gene expression V2","Demultiplexing, alignment, and estimation of cell-containing partitions and associated UMIs using Cell Ranger 2.1.0.","Genome_build: GRCh38 / mm10 (Ensembl 84)","Supplementary_files_format_and_content: mtx: count matrix in sparse matrix format; barcodes.tsv: barcode ids per sample; genes.tsv: gene ids per sample","GPL20301","John,Roger,Wilson-Kanamori","Henderson","Centre for Inflammation Research","University of Edinburgh","47 Little France Crescent","Edinburgh","EH16 4TJ","United Kingdom","0","Illumina HiSeq 4000","cDNA","transcriptomic","RNA-Seq","BioSample: https://www.ncbi.nlm.nih.gov/biosample/SAMN12614716","SRA: https://www.ncbi.nlm.nih.gov/sra?term=SRX6747679","ftp://ftp.ncbi.nlm.nih.gov/geo/samples/GSM4041nnn/GSM4041157/suppl/GSM4041157_healthy3_cd45-B_barcodes.tsv.gz","ftp://ftp.ncbi.nlm.nih.gov/geo/samples/GSM4041nnn/GSM4041157/suppl/GSM4041157_healthy3_cd45-B_genes.tsv.gz","ftp://ftp.ncbi.nlm.nih.gov/geo/samples/GSM4041nnn/GSM4041157/suppl/GSM4041157_healthy3_cd45-B_matrix.mtx.gz","None","Cd45-","healthy","Other NPC","Male"
"GSM4041158","Healthy4_Cd45+","GSM4041158","Public on Sep 12 2019","Aug 21 2019","Sep 13 2019","SRA","1","Liver","Homo sapiens","disease status: healthy","population: Leucocytes","cause of liver disease: None","Sex: Female","cell subtype: Cd45+","total RNA","Enzymatic digestion and FACS","10X Genomics Single cell 3' gene expression V2","9606","10X Genomics Single cell 3' gene expression V2","Demultiplexing, alignment, and estimation of cell-containing partitions and associated UMIs using Cell Ranger 2.1.0.","Genome_build: GRCh38 / mm10 (Ensembl 84)","Supplementary_files_format_and_content: mtx: count matrix in sparse matrix format; barcodes.tsv: barcode ids per sample; genes.tsv: gene ids per sample","GPL20301","John,Roger,Wilson-Kanamori","Henderson","Centre for Inflammation Research","University of Edinburgh","47 Little France Crescent","Edinburgh","EH16 4TJ","United Kingdom","0","Illumina HiSeq 4000","cDNA","transcriptomic","RNA-Seq","BioSample: https://www.ncbi.nlm.nih.gov/biosample/SAMN12614715","SRA: https://www.ncbi.nlm.nih.gov/sra?term=SRX6747680","ftp://ftp.ncbi.nlm.nih.gov/geo/samples/GSM4041nnn/GSM4041158/suppl/GSM4041158_healthy4_cd45+_barcodes.tsv.gz","ftp://ftp.ncbi.nlm.nih.gov/geo/samples/GSM4041nnn/GSM4041158/suppl/GSM4041158_healthy4_cd45+_genes.tsv.gz","ftp://ftp.ncbi.nlm.nih.gov/geo/samples/GSM4041nnn/GSM4041158/suppl/GSM4041158_healthy4_cd45+_matrix.mtx.gz","None","Cd45+","healthy","Leucocytes","Female"
"GSM4041159","Healthy4_Cd45-","GSM4041159","Public on Sep 12 2019","Aug 21 2019","Sep 13 2019","SRA","1","Liver","Homo sapiens","disease status: healthy","population: Other NPC","cause of liver disease: None","Sex: Female","cell subtype: Cd45-","total RNA","Enzymatic digestion and FACS","10X Genomics Single cell 3' gene expression V2","9606","10X Genomics Single cell 3' gene expression V2","Demultiplexing, alignment, and estimation of cell-containing partitions and associated UMIs using Cell Ranger 2.1.0.","Genome_build: GRCh38 / mm10 (Ensembl 84)","Supplementary_files_format_and_content: mtx: count matrix in sparse matrix format; barcodes.tsv: barcode ids per sample; genes.tsv: gene ids per sample","GPL20301","John,Roger,Wilson-Kanamori","Henderson","Centre for Inflammation Research","University of Edinburgh","47 Little France Crescent","Edinburgh","EH16 4TJ","United Kingdom","0","Illumina HiSeq 4000","cDNA","transcriptomic","RNA-Seq","BioSample: https://www.ncbi.nlm.nih.gov/biosample/SAMN12614714","SRA: https://www.ncbi.nlm.nih.gov/sra?term=SRX6747681","ftp://ftp.ncbi.nlm.nih.gov/geo/samples/GSM4041nnn/GSM4041159/suppl/GSM4041159_healthy4_cd45-_barcodes.tsv.gz","ftp://ftp.ncbi.nlm.nih.gov/geo/samples/GSM4041nnn/GSM4041159/suppl/GSM4041159_healthy4_cd45-_genes.tsv.gz","ftp://ftp.ncbi.nlm.nih.gov/geo/samples/GSM4041nnn/GSM4041159/suppl/GSM4041159_healthy4_cd45-_matrix.mtx.gz","None","Cd45-","healthy","Other NPC","Female"
"GSM4041160","Healthy5_Cd45+","GSM4041160","Public on Sep 12 2019","Aug 21 2019","Sep 13 2019","SRA","1","Liver","Homo sapiens","disease status: healthy","population: Leucocytes","cause of liver disease: None","Sex: Male","cell subtype: Cd45+","total RNA","Enzymatic digestion and FACS","10X Genomics Single cell 3' gene expression V2","9606","10X Genomics Single cell 3' gene expression V2","Demultiplexing, alignment, and estimation of cell-containing partitions and associated UMIs using Cell Ranger 2.1.0.","Genome_build: GRCh38 / mm10 (Ensembl 84)","Supplementary_files_format_and_content: mtx: count matrix in sparse matrix format; barcodes.tsv: barcode ids per sample; genes.tsv: gene ids per sample","GPL20301","John,Roger,Wilson-Kanamori","Henderson","Centre for Inflammation Research","University of Edinburgh","47 Little France Crescent","Edinburgh","EH16 4TJ","United Kingdom","0","Illumina HiSeq 4000","cDNA","transcriptomic","RNA-Seq","BioSample: https://www.ncbi.nlm.nih.gov/biosample/SAMN12614713","SRA: https://www.ncbi.nlm.nih.gov/sra?term=SRX6747682","ftp://ftp.ncbi.nlm.nih.gov/geo/samples/GSM4041nnn/GSM4041160/suppl/GSM4041160_healthy5_cd45+_barcodes.tsv.gz","ftp://ftp.ncbi.nlm.nih.gov/geo/samples/GSM4041nnn/GSM4041160/suppl/GSM4041160_healthy5_cd45+_genes.tsv.gz","ftp://ftp.ncbi.nlm.nih.gov/geo/samples/GSM4041nnn/GSM4041160/suppl/GSM4041160_healthy5_cd45+_matrix.mtx.gz","None","Cd45+","healthy","Leucocytes","Male"
"GSM4041161","Cirrhotic1_Cd45+","GSM4041161","Public on Sep 12 2019","Aug 21 2019","Sep 13 2019","SRA","1","Liver","Homo sapiens","disease status: fibrotic","population: Leucocytes","cause of liver disease: NAFLD","Sex: Female","cell subtype: Cd45+","total RNA","Enzymatic digestion and FACS","10X Genomics Single cell 3' gene expression V2","9606","10X Genomics Single cell 3' gene expression V2","Demultiplexing, alignment, and estimation of cell-containing partitions and associated UMIs using Cell Ranger 2.1.0.","Genome_build: GRCh38 / mm10 (Ensembl 84)","Supplementary_files_format_and_content: mtx: count matrix in sparse matrix format; barcodes.tsv: barcode ids per sample; genes.tsv: gene ids per sample","GPL20301","John,Roger,Wilson-Kanamori","Henderson","Centre for Inflammation Research","University of Edinburgh","47 Little France Crescent","Edinburgh","EH16 4TJ","United Kingdom","0","Illumina HiSeq 4000","cDNA","transcriptomic","RNA-Seq","BioSample: https://www.ncbi.nlm.nih.gov/biosample/SAMN12614712","SRA: https://www.ncbi.nlm.nih.gov/sra?term=SRX6747683","ftp://ftp.ncbi.nlm.nih.gov/geo/samples/GSM4041nnn/GSM4041161/suppl/GSM4041161_cirrhotic1_cd45+_barcodes.tsv.gz","ftp://ftp.ncbi.nlm.nih.gov/geo/samples/GSM4041nnn/GSM4041161/suppl/GSM4041161_cirrhotic1_cd45+_genes.tsv.gz","ftp://ftp.ncbi.nlm.nih.gov/geo/samples/GSM4041nnn/GSM4041161/suppl/GSM4041161_cirrhotic1_cd45+_matrix.mtx.gz","NAFLD","Cd45+","fibrotic","Leucocytes","Female"
"GSM4041162","Cirrhotic1_Cd45-A","GSM4041162","Public on Sep 12 2019","Aug 21 2019","Sep 13 2019","SRA","1","Liver","Homo sapiens","disease status: fibrotic","population: Other NPC","cause of liver disease: NAFLD","Sex: Female","cell subtype: Cd45-","total RNA","Enzymatic digestion and FACS","10X Genomics Single cell 3' gene expression V2","9606","10X Genomics Single cell 3' gene expression V2","Demultiplexing, alignment, and estimation of cell-containing partitions and associated UMIs using Cell Ranger 2.1.0.","Genome_build: GRCh38 / mm10 (Ensembl 84)","Supplementary_files_format_and_content: mtx: count matrix in sparse matrix format; barcodes.tsv: barcode ids per sample; genes.tsv: gene ids per sample","GPL20301","John,Roger,Wilson-Kanamori","Henderson","Centre for Inflammation Research","University of Edinburgh","47 Little France Crescent","Edinburgh","EH16 4TJ","United Kingdom","0","Illumina HiSeq 4000","cDNA","transcriptomic","RNA-Seq","BioSample: https://www.ncbi.nlm.nih.gov/biosample/SAMN12614711","SRA: https://www.ncbi.nlm.nih.gov/sra?term=SRX6747684","ftp://ftp.ncbi.nlm.nih.gov/geo/samples/GSM4041nnn/GSM4041162/suppl/GSM4041162_cirrhotic1_cd45-A_barcodes.tsv.gz","ftp://ftp.ncbi.nlm.nih.gov/geo/samples/GSM4041nnn/GSM4041162/suppl/GSM4041162_cirrhotic1_cd45-A_genes.tsv.gz","ftp://ftp.ncbi.nlm.nih.gov/geo/samples/GSM4041nnn/GSM4041162/suppl/GSM4041162_cirrhotic1_cd45-A_matrix.mtx.gz","NAFLD","Cd45-","fibrotic","Other NPC","Female"
"GSM4041163","Cirrhotic1_Cd45-B","GSM4041163","Public on Sep 12 2019","Aug 21 2019","Sep 13 2019","SRA","1","Liver","Homo sapiens","disease status: fibrotic","population: Other NPC","cause of liver disease: NAFLD","Sex: Female","cell subtype: Cd45-","total RNA","Enzymatic digestion and FACS","10X Genomics Single cell 3' gene expression V2","9606","10X Genomics Single cell 3' gene expression V2","Demultiplexing, alignment, and estimation of cell-containing partitions and associated UMIs using Cell Ranger 2.1.0.","Genome_build: GRCh38 / mm10 (Ensembl 84)","Supplementary_files_format_and_content: mtx: count matrix in sparse matrix format; barcodes.tsv: barcode ids per sample; genes.tsv: gene ids per sample","GPL20301","John,Roger,Wilson-Kanamori","Henderson","Centre for Inflammation Research","University of Edinburgh","47 Little France Crescent","Edinburgh","EH16 4TJ","United Kingdom","0","Illumina HiSeq 4000","cDNA","transcriptomic","RNA-Seq","BioSample: https://www.ncbi.nlm.nih.gov/biosample/SAMN12614710","SRA: https://www.ncbi.nlm.nih.gov/sra?term=SRX6747685","ftp://ftp.ncbi.nlm.nih.gov/geo/samples/GSM4041nnn/GSM4041163/suppl/GSM4041163_cirrhotic1_cd45-B_barcodes.tsv.gz","ftp://ftp.ncbi.nlm.nih.gov/geo/samples/GSM4041nnn/GSM4041163/suppl/GSM4041163_cirrhotic1_cd45-B_genes.tsv.gz","ftp://ftp.ncbi.nlm.nih.gov/geo/samples/GSM4041nnn/GSM4041163/suppl/GSM4041163_cirrhotic1_cd45-B_matrix.mtx.gz","NAFLD","Cd45-","fibrotic","Other NPC","Female"
"GSM4041164","Cirrhotic2_Cd45+","GSM4041164","Public on Sep 12 2019","Aug 21 2019","Sep 13 2019","SRA","1","Liver","Homo sapiens","disease status: fibrotic","population: Leucocytes","cause of liver disease: Alcohol","Sex: Male","cell subtype: Cd45+","total RNA","Enzymatic digestion and FACS","10X Genomics Single cell 3' gene expression V2","9606","10X Genomics Single cell 3' gene expression V2","Demultiplexing, alignment, and estimation of cell-containing partitions and associated UMIs using Cell Ranger 2.1.0.","Genome_build: GRCh38 / mm10 (Ensembl 84)","Supplementary_files_format_and_content: mtx: count matrix in sparse matrix format; barcodes.tsv: barcode ids per sample; genes.tsv: gene ids per sample","GPL20301","John,Roger,Wilson-Kanamori","Henderson","Centre for Inflammation Research","University of Edinburgh","47 Little France Crescent","Edinburgh","EH16 4TJ","United Kingdom","0","Illumina HiSeq 4000","cDNA","transcriptomic","RNA-Seq","BioSample: https://www.ncbi.nlm.nih.gov/biosample/SAMN12614709","SRA: https://www.ncbi.nlm.nih.gov/sra?term=SRX6747686","ftp://ftp.ncbi.nlm.nih.gov/geo/samples/GSM4041nnn/GSM4041164/suppl/GSM4041164_cirrhotic2_cd45+_barcodes.tsv.gz","ftp://ftp.ncbi.nlm.nih.gov/geo/samples/GSM4041nnn/GSM4041164/suppl/GSM4041164_cirrhotic2_cd45+_genes.tsv.gz","ftp://ftp.ncbi.nlm.nih.gov/geo/samples/GSM4041nnn/GSM4041164/suppl/GSM4041164_cirrhotic2_cd45+_matrix.mtx.gz","Alcohol","Cd45+","fibrotic","Leucocytes","Male"
"GSM4041165","Cirrhotic2_CD45-","GSM4041165","Public on Sep 12 2019","Aug 21 2019","Sep 13 2019","SRA","1","Liver","Homo sapiens","disease status: fibrotic","population: Other NPC","cause of liver disease: Alcohol","Sex: Male","cell subtype: Cd45-","total RNA","Enzymatic digestion and FACS","10X Genomics Single cell 3' gene expression V2","9606","10X Genomics Single cell 3' gene expression V2","Demultiplexing, alignment, and estimation of cell-containing partitions and associated UMIs using Cell Ranger 2.1.0.","Genome_build: GRCh38 / mm10 (Ensembl 84)","Supplementary_files_format_and_content: mtx: count matrix in sparse matrix format; barcodes.tsv: barcode ids per sample; genes.tsv: gene ids per sample","GPL20301","John,Roger,Wilson-Kanamori","Henderson","Centre for Inflammation Research","University of Edinburgh","47 Little France Crescent","Edinburgh","EH16 4TJ","United Kingdom","0","Illumina HiSeq 4000","cDNA","transcriptomic","RNA-Seq","BioSample: https://www.ncbi.nlm.nih.gov/biosample/SAMN12614708","SRA: https://www.ncbi.nlm.nih.gov/sra?term=SRX6747687","ftp://ftp.ncbi.nlm.nih.gov/geo/samples/GSM4041nnn/GSM4041165/suppl/GSM4041165_cirrhotic2_cd45-_barcodes.tsv.gz","ftp://ftp.ncbi.nlm.nih.gov/geo/samples/GSM4041nnn/GSM4041165/suppl/GSM4041165_cirrhotic2_cd45-_genes.tsv.gz","ftp://ftp.ncbi.nlm.nih.gov/geo/samples/GSM4041nnn/GSM4041165/suppl/GSM4041165_cirrhotic2_cd45-_matrix.mtx.gz","Alcohol","Cd45-","fibrotic","Other NPC","Male"
"GSM4041166","Cirrhotic3_CD45+","GSM4041166","Public on Sep 12 2019","Aug 21 2019","Sep 13 2019","SRA","1","Liver","Homo sapiens","disease status: fibrotic","population: Leucocytes","cause of liver disease: Alcohol","Sex: Male","cell subtype: Cd45+","total RNA","Enzymatic digestion and FACS","10X Genomics Single cell 3' gene expression V2","9606","10X Genomics Single cell 3' gene expression V2","Demultiplexing, alignment, and estimation of cell-containing partitions and associated UMIs using Cell Ranger 2.1.0.","Genome_build: GRCh38 / mm10 (Ensembl 84)","Supplementary_files_format_and_content: mtx: count matrix in sparse matrix format; barcodes.tsv: barcode ids per sample; genes.tsv: gene ids per sample","GPL20301","John,Roger,Wilson-Kanamori","Henderson","Centre for Inflammation Research","University of Edinburgh","47 Little France Crescent","Edinburgh","EH16 4TJ","United Kingdom","0","Illumina HiSeq 4000","cDNA","transcriptomic","RNA-Seq","BioSample: https://www.ncbi.nlm.nih.gov/biosample/SAMN12614707","SRA: https://www.ncbi.nlm.nih.gov/sra?term=SRX6747688","ftp://ftp.ncbi.nlm.nih.gov/geo/samples/GSM4041nnn/GSM4041166/suppl/GSM4041166_cirrhotic3_cd45+_barcodes.tsv.gz","ftp://ftp.ncbi.nlm.nih.gov/geo/samples/GSM4041nnn/GSM4041166/suppl/GSM4041166_cirrhotic3_cd45+_genes.tsv.gz","ftp://ftp.ncbi.nlm.nih.gov/geo/samples/GSM4041nnn/GSM4041166/suppl/GSM4041166_cirrhotic3_cd45+_matrix.mtx.gz","Alcohol","Cd45+","fibrotic","Leucocytes","Male"
"GSM4041167","Cirrhotic3_Cd45-","GSM4041167","Public on Sep 12 2019","Aug 21 2019","Sep 13 2019","SRA","1","Liver","Homo sapiens","disease status: fibrotic","population: Other NPC","cause of liver disease: Alcohol","Sex: Male","cell subtype: Cd45-","total RNA","Enzymatic digestion and FACS","10X Genomics Single cell 3' gene expression V2","9606","10X Genomics Single cell 3' gene expression V2","Demultiplexing, alignment, and estimation of cell-containing partitions and associated UMIs using Cell Ranger 2.1.0.","Genome_build: GRCh38 / mm10 (Ensembl 84)","Supplementary_files_format_and_content: mtx: count matrix in sparse matrix format; barcodes.tsv: barcode ids per sample; genes.tsv: gene ids per sample","GPL20301","John,Roger,Wilson-Kanamori","Henderson","Centre for Inflammation Research","University of Edinburgh","47 Little France Crescent","Edinburgh","EH16 4TJ","United Kingdom","0","Illumina HiSeq 4000","cDNA","transcriptomic","RNA-Seq","BioSample: https://www.ncbi.nlm.nih.gov/biosample/SAMN12614706","SRA: https://www.ncbi.nlm.nih.gov/sra?term=SRX6747689","ftp://ftp.ncbi.nlm.nih.gov/geo/samples/GSM4041nnn/GSM4041167/suppl/GSM4041167_cirrhotic3_cd45-_barcodes.tsv.gz","ftp://ftp.ncbi.nlm.nih.gov/geo/samples/GSM4041nnn/GSM4041167/suppl/GSM4041167_cirrhotic3_cd45-_genes.tsv.gz","ftp://ftp.ncbi.nlm.nih.gov/geo/samples/GSM4041nnn/GSM4041167/suppl/GSM4041167_cirrhotic3_cd45-_matrix.mtx.gz","Alcohol","Cd45-","fibrotic","Other NPC","Male"
"GSM4041168","Cirrhotic4_Cd45+","GSM4041168","Public on Sep 12 2019","Aug 21 2019","Sep 13 2019","SRA","1","Liver","Homo sapiens","disease status: fibrotic","population: Leucocytes","cause of liver disease: NAFLD","Sex: Male","cell subtype: Cd45+","total RNA","Enzymatic digestion and FACS","10X Genomics Single cell 3' gene expression V2","9606","10X Genomics Single cell 3' gene expression V2","Demultiplexing, alignment, and estimation of cell-containing partitions and associated UMIs using Cell Ranger 2.1.0.","Genome_build: GRCh38 / mm10 (Ensembl 84)","Supplementary_files_format_and_content: mtx: count matrix in sparse matrix format; barcodes.tsv: barcode ids per sample; genes.tsv: gene ids per sample","GPL20301","John,Roger,Wilson-Kanamori","Henderson","Centre for Inflammation Research","University of Edinburgh","47 Little France Crescent","Edinburgh","EH16 4TJ","United Kingdom","0","Illumina HiSeq 4000","cDNA","transcriptomic","RNA-Seq","BioSample: https://www.ncbi.nlm.nih.gov/biosample/SAMN12614705","SRA: https://www.ncbi.nlm.nih.gov/sra?term=SRX6747690","ftp://ftp.ncbi.nlm.nih.gov/geo/samples/GSM4041nnn/GSM4041168/suppl/GSM4041168_cirrhotic4_cd45+_barcodes.tsv.gz","ftp://ftp.ncbi.nlm.nih.gov/geo/samples/GSM4041nnn/GSM4041168/suppl/GSM4041168_cirrhotic4_cd45+_genes.tsv.gz","ftp://ftp.ncbi.nlm.nih.gov/geo/samples/GSM4041nnn/GSM4041168/suppl/GSM4041168_cirrhotic4_cd45+_matrix.mtx.gz","NAFLD","Cd45+","fibrotic","Leucocytes","Male"
"GSM4041169","Cirrhotic5_Cd45+","GSM4041169","Public on Sep 12 2019","Aug 21 2019","Sep 13 2019","SRA","1","Liver","Homo sapiens","disease status: fibrotic","population: Leucocytes","cause of liver disease: PBC","Sex: Female","cell subtype: Cd45+","total RNA","Enzymatic digestion and FACS","10X Genomics Single cell 3' gene expression V2","9606","10X Genomics Single cell 3' gene expression V2","Demultiplexing, alignment, and estimation of cell-containing partitions and associated UMIs using Cell Ranger 2.1.0.","Genome_build: GRCh38 / mm10 (Ensembl 84)","Supplementary_files_format_and_content: mtx: count matrix in sparse matrix format; barcodes.tsv: barcode ids per sample; genes.tsv: gene ids per sample","GPL20301","John,Roger,Wilson-Kanamori","Henderson","Centre for Inflammation Research","University of Edinburgh","47 Little France Crescent","Edinburgh","EH16 4TJ","United Kingdom","0","Illumina HiSeq 4000","cDNA","transcriptomic","RNA-Seq","BioSample: https://www.ncbi.nlm.nih.gov/biosample/SAMN12614704","SRA: https://www.ncbi.nlm.nih.gov/sra?term=SRX6747691","ftp://ftp.ncbi.nlm.nih.gov/geo/samples/GSM4041nnn/GSM4041169/suppl/GSM4041169_cirrhotic5_cd45+_barcodes.tsv.gz","ftp://ftp.ncbi.nlm.nih.gov/geo/samples/GSM4041nnn/GSM4041169/suppl/GSM4041169_cirrhotic5_cd45+_genes.tsv.gz","ftp://ftp.ncbi.nlm.nih.gov/geo/samples/GSM4041nnn/GSM4041169/suppl/GSM4041169_cirrhotic5_cd45+_matrix.mtx.gz","PBC","Cd45+","fibrotic","Leucocytes","Female"
"GSM4041170","Blood1","GSM4041170","Public on Sep 12 2019","Aug 21 2019","Sep 13 2019","SRA","1","PBMC","Homo sapiens","disease status: fibrotic","population: PBMC","cause of liver disease: NAFLD","Sex: Male","","total RNA","FACS","10X Genomics Single cell 3' gene expression V2","9606","10X Genomics Single cell 3' gene expression V2","Demultiplexing, alignment, and estimation of cell-containing partitions and associated UMIs using Cell Ranger 2.1.0.","Genome_build: GRCh38 / mm10 (Ensembl 84)","Supplementary_files_format_and_content: mtx: count matrix in sparse matrix format; barcodes.tsv: barcode ids per sample; genes.tsv: gene ids per sample","GPL20301","John,Roger,Wilson-Kanamori","Henderson","Centre for Inflammation Research","University of Edinburgh","47 Little France Crescent","Edinburgh","EH16 4TJ","United Kingdom","0","Illumina HiSeq 4000","cDNA","transcriptomic","RNA-Seq","BioSample: https://www.ncbi.nlm.nih.gov/biosample/SAMN12614703","SRA: https://www.ncbi.nlm.nih.gov/sra?term=SRX6747692","ftp://ftp.ncbi.nlm.nih.gov/geo/samples/GSM4041nnn/GSM4041170/suppl/GSM4041170_blood1_barcodes.tsv.gz","ftp://ftp.ncbi.nlm.nih.gov/geo/samples/GSM4041nnn/GSM4041170/suppl/GSM4041170_blood1_genes.tsv.gz","ftp://ftp.ncbi.nlm.nih.gov/geo/samples/GSM4041nnn/GSM4041170/suppl/GSM4041170_blood1_matrix.mtx.gz","NAFLD",NA,"fibrotic","PBMC","Male"
"GSM4041171","Blood2","GSM4041171","Public on Sep 12 2019","Aug 21 2019","Sep 13 2019","SRA","1","PBMC","Homo sapiens","disease status: fibrotic","population: PBMC","cause of liver disease: Hereditary Haemochromatosis","Sex: Male","","total RNA","FACS","10X Genomics Single cell 3' gene expression V2","9606","10X Genomics Single cell 3' gene expression V2","Demultiplexing, alignment, and estimation of cell-containing partitions and associated UMIs using Cell Ranger 2.1.0.","Genome_build: GRCh38 / mm10 (Ensembl 84)","Supplementary_files_format_and_content: mtx: count matrix in sparse matrix format; barcodes.tsv: barcode ids per sample; genes.tsv: gene ids per sample","GPL20301","John,Roger,Wilson-Kanamori","Henderson","Centre for Inflammation Research","University of Edinburgh","47 Little France Crescent","Edinburgh","EH16 4TJ","United Kingdom","0","Illumina HiSeq 4000","cDNA","transcriptomic","RNA-Seq","BioSample: https://www.ncbi.nlm.nih.gov/biosample/SAMN12614702","SRA: https://www.ncbi.nlm.nih.gov/sra?term=SRX6747693","ftp://ftp.ncbi.nlm.nih.gov/geo/samples/GSM4041nnn/GSM4041171/suppl/GSM4041171_blood2_barcodes.tsv.gz","ftp://ftp.ncbi.nlm.nih.gov/geo/samples/GSM4041nnn/GSM4041171/suppl/GSM4041171_blood2_genes.tsv.gz","ftp://ftp.ncbi.nlm.nih.gov/geo/samples/GSM4041nnn/GSM4041171/suppl/GSM4041171_blood2_matrix.mtx.gz","Hereditary Haemochromatosis",NA,"fibrotic","PBMC","Male"
"GSM4041172","Blood3","GSM4041172","Public on Sep 12 2019","Aug 21 2019","Sep 13 2019","SRA","1","PBMC","Homo sapiens","disease status: fibrotic","population: PBMC","cause of liver disease: NAFLD","Sex: Female","","total RNA","FACS","10X Genomics Single cell 3' gene expression V2","9606","10X Genomics Single cell 3' gene expression V2","Demultiplexing, alignment, and estimation of cell-containing partitions and associated UMIs using Cell Ranger 2.1.0.","Genome_build: GRCh38 / mm10 (Ensembl 84)","Supplementary_files_format_and_content: mtx: count matrix in sparse matrix format; barcodes.tsv: barcode ids per sample; genes.tsv: gene ids per sample","GPL20301","John,Roger,Wilson-Kanamori","Henderson","Centre for Inflammation Research","University of Edinburgh","47 Little France Crescent","Edinburgh","EH16 4TJ","United Kingdom","0","Illumina HiSeq 4000","cDNA","transcriptomic","RNA-Seq","BioSample: https://www.ncbi.nlm.nih.gov/biosample/SAMN12614695","SRA: https://www.ncbi.nlm.nih.gov/sra?term=SRX6747694","ftp://ftp.ncbi.nlm.nih.gov/geo/samples/GSM4041nnn/GSM4041172/suppl/GSM4041172_blood3_barcodes.tsv.gz","ftp://ftp.ncbi.nlm.nih.gov/geo/samples/GSM4041nnn/GSM4041172/suppl/GSM4041172_blood3_genes.tsv.gz","ftp://ftp.ncbi.nlm.nih.gov/geo/samples/GSM4041nnn/GSM4041172/suppl/GSM4041172_blood3_matrix.mtx.gz","NAFLD",NA,"fibrotic","PBMC","Female"
"GSM4041173","Blood4","GSM4041173","Public on Sep 12 2019","Aug 21 2019","Sep 13 2019","SRA","1","PBMC","Homo sapiens","disease status: fibrotic","population: PBMC","cause of liver disease: NAFLD","Sex: Male","","total RNA","FACS","10X Genomics Single cell 3' gene expression V2","9606","10X Genomics Single cell 3' gene expression V2","Demultiplexing, alignment, and estimation of cell-containing partitions and associated UMIs using Cell Ranger 2.1.0.","Genome_build: GRCh38 / mm10 (Ensembl 84)","Supplementary_files_format_and_content: mtx: count matrix in sparse matrix format; barcodes.tsv: barcode ids per sample; genes.tsv: gene ids per sample","GPL20301","John,Roger,Wilson-Kanamori","Henderson","Centre for Inflammation Research","University of Edinburgh","47 Little France Crescent","Edinburgh","EH16 4TJ","United Kingdom","0","Illumina HiSeq 4000","cDNA","transcriptomic","RNA-Seq","BioSample: https://www.ncbi.nlm.nih.gov/biosample/SAMN12614720","SRA: https://www.ncbi.nlm.nih.gov/sra?term=SRX6747695","ftp://ftp.ncbi.nlm.nih.gov/geo/samples/GSM4041nnn/GSM4041173/suppl/GSM4041173_blood4_barcodes.tsv.gz","ftp://ftp.ncbi.nlm.nih.gov/geo/samples/GSM4041nnn/GSM4041173/suppl/GSM4041173_blood4_genes.tsv.gz","ftp://ftp.ncbi.nlm.nih.gov/geo/samples/GSM4041nnn/GSM4041173/suppl/GSM4041173_blood4_matrix.mtx.gz","NAFLD",NA,"fibrotic","PBMC","Male"
