"gene","module"
"GSTM1","grey"
"RPS4Y1","blue"
"CFHR1","grey"
"ZBTB20","turquoise"
"CFHR3","grey"
"SMIM24","grey"
"UGT2B17","grey"
"PLA2G2A","grey"
"PZP","grey"
"XPNPEP2","grey"
"AKR1B10","green"
"ANKRD12","turquoise"
"AOC1","grey"
"SAA1","green"
"CRP","yellow"
"TIMD4","blue"
"SAA2","yellow"
"IGFBP2","green"
"PNISR","turquoise"
"DDX3Y","blue"
"ANKRD36C","turquoise"
"ANKRD26","turquoise"
"CD5L","blue"
"ASCL1","blue"
"LOC102724560","green"
"ERAP2","turquoise"
"SLC22A10","turquoise"
"CD163","blue"
"CHI3L1","green"
"ZMAT1","turquoise"
"PEG10","green"
"HBB","grey"
"MARCO","blue"
"KDM5D","blue"
"EIF1AY","blue"
"DHRS2","grey"
"CFD","black"
"CYP7A1","green"
"CYP1A1","turquoise"
"MAB21L4","yellow"
"FABP4","green"
"ACSL4","purple"
"LUC7L3","turquoise"
"ACTA1","grey"
"HBA2","turquoise"
"SRSF11","turquoise"
"LYVE1","blue"
"PGC","grey"
"CXCL10","green"
"IL32","yellow"
"ZC3H13","turquoise"
"B3GAT1","green"
"MLIP","turquoise"
"TFF3","blue"
"RBM25","turquoise"
"GATD3","grey"
"SLCO1A2","yellow"
"ANKRD36","turquoise"
"ARID4B","turquoise"
"APOA4","brown"
"IL20RB","yellow"
"STAB2","blue"
"EGR1","green"
"EEF1A2","turquoise"
"EFHD1","green"
"IGFBP1","grey"
"PTPRS","green"
"LGALS4","green"
"AMN","brown"
"CYP3A5","turquoise"
"CKM","grey"
"NKTR","turquoise"
"CYP2C19","green"
"ARID4A","turquoise"
"COL7A1","grey"
"ITLN1","brown"
"GPX2","yellow"
"UPF3B","turquoise"
"SORT1","brown"
"NPW","brown"
"P4HA1","green"
"CETP","blue"
"UPP2","blue"
"MT1H","grey"
"PHIP","turquoise"
"SREK1","turquoise"
"GPR88","green"
"BOD1L1","turquoise"
"VCAM1","blue"
"FAM133B","turquoise"
"OLFM2","yellow"
"ESF1","turquoise"
"MYH11","grey"
"MIF","brown"
"SPINK1","blue"
"MT1X","green"
"MRPL12","brown"
"SPP1","green"
"ATRX","turquoise"
"TMEM154","green"
"SCUBE1","grey"
"OXT","turquoise"
"TENM1","turquoise"
"NPTXR","grey"
"C1QC","blue"
"CBS","grey"
"VSIG4","blue"
"SLC29A4","grey"
"TENM2","grey"
"CSF1R","blue"
"GBP3","brown"
"NEMF","turquoise"
"KDR","blue"
"CYP1A2","turquoise"
"LPA","turquoise"
"LIPF","grey"
"TTN","turquoise"
"MRC1","blue"
"ZFY","blue"
"VIL1","turquoise"
"C1QB","blue"
"CYP2D6","brown"
"CD209","blue"
"CCDC88A","turquoise"
"CYP26A1","grey"
"BRD10","turquoise"
"CSPP1","turquoise"
"HBA1","turquoise"
"IGFALS","brown"
"UTY","blue"
"ANKRD18A","turquoise"
"HAMP","turquoise"
"AKAP9","turquoise"
"DDTL","grey"
"SCAND1","brown"
"CWF19L2","turquoise"
"PPIG","turquoise"
"SERPINE1","green"
"SLITRK3","red"
"ITGAD","blue"
"RET","yellow"
"CYP2A7","grey"
"PDE11A","turquoise"
"UGT2A1","green"
"CR1","blue"
"DNM1","green"
"SIGLEC1","blue"
"IFI6","red"
"CCDC85B","brown"
"NYNRIN","grey"
"SQLE","purple"
"CLGN","green"
"BAZ2B","turquoise"
"SLC5A12","grey"
"CXCL9","blue"
"BAZ1A","turquoise"
"A2M","grey"
"COL5A3","green"
"KCNJ10","blue"
"CUX2","blue"
"PRRC2C","turquoise"
"MROH2A","turquoise"
"HLA-DRB5","blue"
"FCAMR","green"
"SLC6A2","turquoise"
"PADI1","turquoise"
"LPL","green"
"MT1F","brown"
"CA12","turquoise"
"MYH7","yellow"
"GCK","yellow"
"HMGCS1","purple"
"MPHOSPH8","turquoise"
"TAT","yellow"
"PCK1","yellow"
"FNDC5","green"
"MYH2","grey"
"JCHAIN","grey"
"DYNC2I1","turquoise"
"TMEM92","green"
"SLC3A1","yellow"
"ENPP2","grey"
"SLC16A11","turquoise"
"MVD","red"
"SMG1","pink"
"PLEK2","purple"
"FOLR2","blue"
"MUC3A","yellow"
"TPGS1","brown"
"HKDC1","green"
"FREM2","green"
"FADS1","purple"
"FYB1","turquoise"
"CYBB","blue"
"CCDC18","turquoise"
"TXNDC5","green"
"THOC2","turquoise"
"DOP1B","yellow"
"MMRN1","blue"
"GLTPD2","brown"
"MDN1","yellow"
"TP53I3","green"
"PRPF38B","turquoise"
"NR1D1","turquoise"
"UNC93A","turquoise"
"USP9Y","blue"
"CCAR1","turquoise"
"LILRB5","blue"
"SUSD4","green"
"CYP17A1","blue"
"FASN","brown"
"TREH","green"
"DES","grey"
"RNF152","yellow"
"FMO1","green"
"FKBP5","turquoise"
"TMEM45B","green"
"NNMT","pink"
"TMC4","grey"
"MPEG1","blue"
"ISG15","red"
"MMP9","yellow"
"STAB1","blue"
"DBH","grey"
"MUC6","grey"
"RBBP6","turquoise"
"ALDH6A1","yellow"
"HAL","yellow"
"COL1A1","red"
"MZT2B","brown"
"LARP7","turquoise"
"SDS","turquoise"
"G6PC1","blue"
"MT1M","grey"
"PILRB","turquoise"
"BCO2","blue"
"SELENOH","brown"
"SCD","purple"
"MAMDC4","brown"
"VPS13C","pink"
"ANKRD11","turquoise"
"NCAM2","red"
"TYW1B","grey"
"PET100","green"
"HEPACAM","grey"
"MYH1","grey"
"CYFIP2","blue"
"TREM2","yellow"
"PRAP1","green"
"MT1G","brown"
"TSPAN8","grey"
"NSRP1","turquoise"
"ALPK2","green"
"CYP2B6","turquoise"
"KMT2E","turquoise"
"AKAP12","blue"
"INHBA","turquoise"
"TNFRSF12A","yellow"
"AASS","yellow"
"ZNF292","turquoise"
"SHBG","grey"
"CFP","blue"
"APOL3","green"
"CFB","turquoise"
"PRKAA2","green"
"EHD3","blue"
"CDKN1A","green"
"TTC9","blue"
"CLDN3","brown"
"ZC3H6","turquoise"
"APOE","brown"
"NLGN4Y","blue"
"TEDC1","red"
"CD24","green"
"PRKCE","green"
"FCGR3A","blue"
"ADIRF","red"
"CCDC152","turquoise"
"ACOT1","blue"
"GRID1","grey"
"SLTM","turquoise"
"FBXO2","red"
"FLT4","blue"
"NPHP3","turquoise"
"CLEC4M","blue"
"MEMO1","turquoise"
"SLC1A2","yellow"
"ATP5F1D","brown"
"FAM151A","turquoise"
"CAPG","yellow"
"HLA-DQB2","grey"
"HMGN5","turquoise"
"TMEM141","green"
"PANX2","black"
"GSDMB","turquoise"
"SERTM2","grey"
"AVPR1A","yellow"
"FCER1G","blue"
"CEBPD","black"
"GNMT","yellow"
"DTNA","green"
"IFI27","yellow"
"HLA-G","brown"
"TMEM256","green"
"MS4A7","magenta"
"GREM1","grey"
"SRRM1","turquoise"
"NFIB","turquoise"
"PLIN1","grey"
"COL27A1","turquoise"
"INS-IGF2","black"
"PPM1K","pink"
"ANGPTL8","brown"
"MYBPC1","grey"
"CEP290","turquoise"
"MT2A","brown"
"ADGRE1","blue"
"AMDHD1","turquoise"
"FSCN1","black"
"P2RY13","blue"
"HLA-DQB1","magenta"
"NUDT8","red"
"TCAP","yellow"
"PPP1R12A","turquoise"
"FADS2","purple"
"AXL","blue"
"TINAGL1","green"
"CCL19","grey"
"GSTM3","grey"
"CYBA","brown"
"RHBG","grey"
"CYP51A1","black"
"FNBP4","turquoise"
"NOMO3","blue"
"BMP8B","grey"
"CBLN3","grey"
"PGA5","green"
"KANTR","turquoise"
"SOX4","turquoise"
"REX1BD","brown"
"COMTD1","brown"
"HSPG2","green"
"RSBN1L","turquoise"
"CRHBP","blue"
"PLXNA4","green"
"TNC","grey"
"CPVL","blue"
"CTNNA3","green"
"CPS1","yellow"
"SLC7A8","blue"
"CD4","blue"
"MRPL41","brown"
"GFRA2","green"
"PYROXD2","grey"
"EIF5B","turquoise"
"NBPF12","turquoise"
"MT1E","brown"
"PLIN4","yellow"
"ALDH3A1","yellow"
"ANXA13","grey"
"ZBTB16","pink"
"NEXN","turquoise"
"TMEM238","brown"
"TNRC6B","turquoise"
"GCC2","turquoise"
"DUSP8","turquoise"
"HMOX1","blue"
"KIF21A","turquoise"
"LYZ","yellow"
"RSF1","turquoise"
"ABCB11","yellow"
"IGF1","green"
"FCGR3B","red"
"MDM4","turquoise"
"DCD","grey"
"F2RL2","blue"
"LEPR","yellow"
"TRABD2B","yellow"
"JOSD2","brown"
"NDUFS7","brown"
"SLC5A9","brown"
"FABP1","green"
"SNORC","red"
"ANTKMT","brown"
"BASP1","magenta"
"SLC37A2","blue"
"GLS2","red"
"GOLGA4","turquoise"
"NRP2","blue"
"ACY1","turquoise"
"GSTA2","grey"
"SYCE1","grey"
"FYB2","turquoise"
"C4A","turquoise"
"IL10RA","blue"
"HSPB1","brown"
"CD52","green"
"KRT18","yellow"
"SMC4","turquoise"
"IDO2","grey"
"ABCA1","yellow"
"ASS1","green"
"EPB41L3","blue"
"IQGAP1","blue"
"NDUFA11","red"
"KRT7","yellow"
"PTGDS","red"
"HSP90AA1","turquoise"
"PPP1R16A","brown"
"KCNJ2","blue"
"ZFHX4","turquoise"
"METRN","brown"
"CTSD","red"
"ZNF358","red"
"MBD3","red"
"ATP2A1","grey"
"CALML3","grey"
"TAGLN","green"
"TOP2A","turquoise"
"CPE","yellow"
"CHD9","turquoise"
"FDPS","purple"
"MIB2","brown"
"CFHR4","red"
"SOX18","black"
"PHLDA3","red"
"TFRC","turquoise"
"KCNAB1","blue"
"IDI1","purple"
"NEU4","brown"
"TMEM121","brown"
"UPF3A","turquoise"
"FST","red"
"CDH15","grey"
"MZT2A","brown"
"MT1A","red"
"AJUBA","green"
"ADA2","blue"
"MFSD2A","blue"
"TMEM160","brown"
"PDF","brown"
"TNRC6A","turquoise"
"THNSL2","grey"
"MZB1","yellow"
"AVIL","turquoise"
"AQP1","green"
"CFTR","green"
"SLC23A2","yellow"
"TTF1","turquoise"
"NEB","grey"
"C5","red"
"SLC67A1","brown"
"DCHS1","blue"
"TPM2","green"
"OGN","brown"
"ALKBH7","brown"
"SLC16A1","green"
"MSR1","blue"
"DDIT4","blue"
"TSPAN13","green"
"COL1A2","yellow"
"CD163L1","blue"
"REST","turquoise"
"PDE2A","blue"
"AOAH","blue"
"BPTF","turquoise"
"BBLN","red"
"IP6K3","green"
"IER5L","turquoise"
"SDC3","blue"
"PLGLB2","green"
"WNT11","red"
"NFAT5","pink"
"FOXK1","black"
"LRRC19","grey"
"KCNMA1","red"
"THY1","yellow"
"DPM3","brown"
"NOTUM","red"
"UGT1A1","turquoise"
"CCDC80","turquoise"
"CDHR2","turquoise"
"PNPLA3","turquoise"
"RASGRP2","black"
"FLT1","blue"
"KRT8","yellow"
"RPS26","green"
"HK3","blue"
"ASB9","turquoise"
"BIRC3","turquoise"
"HMGCR","purple"
"MANF","green"
"KMT2C","pink"
"ISM1","green"
"ACHE","turquoise"
"PNPLA2","brown"
"CYP4F22","yellow"
"RPL9","green"
"ZFPM1","black"
"MYO6","turquoise"
"COL28A1","green"
"SPRN","grey"
"TAFA5","grey"
"IL17RB","blue"
"CDH23","blue"
"SYT7","green"
"AURKAIP1","red"
"CSTA","green"
"POU2F2","turquoise"
"MAP1B","turquoise"
"NFIA","turquoise"
"ONECUT1","yellow"
"MOGAT3","red"
"ARHGEF4","green"
"LGALS3","yellow"
"TYMS","green"
"LEAP2","green"
"UPF2","turquoise"
"PLEC","black"
"CYP3A4","grey"
"CLEC4G","green"
"SLC16A9","blue"
"PLAAT2","grey"
"LCN2","yellow"
"MNS1","turquoise"
"GADD45G","brown"
"SPTBN5","yellow"
"CD84","magenta"
"LTBP3","black"
"NECAB2","grey"
"NME3","brown"
"SLC12A1","blue"
"GPNMB","magenta"
"NFKBIZ","yellow"
"PHF20L1","turquoise"
"SLC13A3","yellow"
"ASPG","black"
"C7","brown"
"INHBE","yellow"
"BORCS7","turquoise"
"CPAMD8","blue"
"ACADSB","yellow"
"ME1","purple"
"LDB2","blue"
"NDUFB7","brown"
"DPT","grey"
"AHI1","turquoise"
"LRCOL1","turquoise"
"BIRC6","pink"
"IMPA1","turquoise"
"EMP1","green"
"SPI1","magenta"
"AMZ1","grey"
"H2AJ","red"
"MGP","yellow"
"CCL21","grey"
"TMTC1","yellow"
"RELN","yellow"
"GRM8","brown"
"UBXN10","blue"
"APOF","turquoise"
"CHL1","grey"
"MYOM1","turquoise"
"HLA-F","red"
"FKBP2","red"
"SPTBN2","black"
"BMP10","blue"
"NDST3","blue"
"BST2","red"
"ABCA10","turquoise"
"PPDPF","brown"
"WBP4","turquoise"
"JUNB","brown"
"DDX39B","turquoise"
"LRRC55","blue"
"ABCA9","yellow"
"KNOP1","turquoise"
"OAT","yellow"
"PTPRB","blue"
"NR0B2","grey"
"LTBP4","black"
"ADCYAP1R1","blue"
"SORCS2","grey"
"LRRC4","blue"
"CDH5","blue"
"SCAPER","turquoise"
"PDGFA","turquoise"
"DUSP1","blue"
"ACSM1","grey"
"FBXL15","brown"
"MVP","yellow"
"SCAMP5","grey"
"EPB41L2","blue"
"CHST13","brown"
"DERL3","yellow"
"NRG1","grey"
"SLC9A9","blue"
"SCGN","yellow"
"CCNL1","turquoise"
"HSD17B14","brown"
"DDX46","turquoise"
"SLC16A14","grey"
"BTBD2","brown"
"LIPA","blue"
"TYMP","red"
"DACT2","brown"
"DDX55","turquoise"
"ESPL1","blue"
"PABPN1","turquoise"
"S100A9","blue"
"SBNO1","turquoise"
"PITPNM3","blue"
"UCP2","magenta"
"SIGLEC14","blue"
"TMC6","black"
"PCDH12","blue"
"CCL24","green"
"ETV5","blue"
"FNIP2","yellow"
"C4B","turquoise"
"MS4A6A","blue"
"TGFB1","blue"
"CCR1","blue"
"EFEMP1","green"
"SULF2","turquoise"
"PTPRC","blue"
"CHD7","turquoise"
"ITSN2","turquoise"
"FCN2","blue"
"FAM83F","grey"
"ICA1","grey"
"H1-10","brown"
"S100A4","green"
"SV2B","grey"
"KDM8","yellow"
"RTN4R","brown"
"HMCN2","yellow"
"KCNB1","grey"
"NOTCH1","black"
"SLC25A10","red"
"TRIM56","turquoise"
"ZNF460","yellow"
"CD68","brown"
"CNTFR","green"
"HNRNPH1","pink"
"RAMP1","red"
"DNHD1","turquoise"
"MAPK8IP3","turquoise"
"C1QA","blue"
"LIMCH1","pink"
"TDG","turquoise"
"PDCD1LG2","blue"
"MEP1B","red"
"SLC19A1","red"
"MCRIP2","red"
"HS3ST2","yellow"
"GALK1","brown"
"MAF","pink"
"TSHZ2","turquoise"
"SRD5A2","brown"
"RRM2","green"
"LAPTM5","blue"
"PLIN5","turquoise"
"SPATA18","green"
"FPR1","blue"
"PHF14","turquoise"
"NHERF2","brown"
"RETREG1","turquoise"
"SREBF1","brown"
"SHANK3","black"
"ANXA2","green"
"LUM","green"
"HGFAC","brown"
"UTRN","yellow"
"SLC25A47","brown"
"COL6A2","brown"
"LILRB1","magenta"
"SELE","grey"
"TNFSF14","turquoise"
"PABPC1L","turquoise"
"CIR1","turquoise"
"ACAD11","blue"
"NPR1","blue"
"CYCS","green"
"FCN1","grey"
"MINDY2","turquoise"
"FRRS1","yellow"
"FAM193B","turquoise"
"CIDEC","green"
"NOP58","turquoise"
"HLA-DPA1","magenta"
"PLTP","blue"
"ENO3","green"
"SLCO4C1","red"
"VWA1","brown"
"NTHL1","red"
"ANGPT2","green"
"SPIRE1","blue"
"ARHGAP10","grey"
"COL3A1","yellow"
"ABCG1","green"
"NCKAP1L","blue"
"RPL21","green"
"CCDC57","turquoise"
"PKD1","black"
"CD74","magenta"
"IGSF9","brown"
"CFAP44","turquoise"
"EDC4","green"
"AEBP1","yellow"
"OIT3","blue"
"MBL2","turquoise"
"CAPN15","brown"
"IFITM1","pink"
"CYP26B1","blue"
"ELN","brown"
"NFAM1","blue"
"POMK","green"
"APOOL","yellow"
"FAM174C","brown"
"G0S2","brown"
"ZBTB7A","brown"
"CYP2A13","grey"
"KLF6","turquoise"
"AFAP1L1","red"
"CMYA5","yellow"
"EXOC3L2","black"
"THRSP","yellow"
"WNK3","yellow"
"CISH","grey"
"SLC44A3","yellow"
"TSPAN18","blue"
"MAP1LC3A","red"
"RAD54L2","pink"
"LAMA3","green"
"NAPRT","brown"
"PROZ","grey"
"ELFN1","black"
"FGF21","turquoise"
"FGL2","blue"
"CACNA1H","brown"
"ADGRF5","blue"
"EMILIN1","brown"
"DDT","grey"
"THBS1","turquoise"
"ERICH1","turquoise"
"XAF1","turquoise"
"S100A8","brown"
"PELI2","green"
"CA14","turquoise"
"CWH43","turquoise"
"PPARGC1A","red"
"CCDC88C","green"
"PNPLA4","grey"
"DOCK2","blue"
"FITM1","brown"
"LOXL4","yellow"
"FNIP1","pink"
"TRIM33","turquoise"
"TCF4","turquoise"
"MYO15B","turquoise"
"COX6A1","green"
"ANKHD1","turquoise"
"ACSS2","purple"
"LDHC","grey"
"NAT8","pink"
"SCIMP","blue"
"SETD5","turquoise"
"ESPNL","green"
"TNRC6C","turquoise"
"RABAC1","brown"
"ATAD3C","yellow"
"BDP1","turquoise"
"KCNK5","turquoise"
"RB1CC1","turquoise"
"ROCK1","turquoise"
"CHRM3","grey"
"BMAL1","grey"
"FAM111B","green"
"C9","turquoise"
"XKR9","grey"
"LIN7C","pink"
"EYA2","grey"
"LTB","red"
"AFF1","yellow"
"MYCBP2","pink"
"HYCC2","turquoise"
"FAAP20","brown"
"GIMAP8","blue"
"SAFB2","turquoise"
"EPPK1","turquoise"
"CCDC112","turquoise"
"EVI2B","blue"
"FGFRL1","black"
"GSTT2B","grey"
"ADAMTSL2","brown"
"JUN","turquoise"
"SGCB","green"
"L3MBTL3","yellow"
"CPA3","turquoise"
"KDELR3","black"
"ZNF91","turquoise"
"EVC","blue"
"KLHL11","yellow"
"VWCE","green"
"LRP3","brown"
"PRLR","green"
"TFPI2","blue"
"CNGA1","turquoise"
"TP53INP1","brown"
"DNASE1L3","blue"
"AFF3","blue"
"C8G","red"
"ACVRL1","blue"
"S100A14","green"
"MAP1S","black"
"SPARCL1","brown"
"CXCR2","blue"
"NFIC","black"
"TNRC18","black"
"SLC1A7","grey"
"KRT19","grey"
"GOLM1","green"
"SOX6","turquoise"
"ACTA2","green"
"LCP2","blue"
"SEMA6B","black"
"SCUBE2","green"
"CCDC191","turquoise"
"SLC8A1","blue"
"RTF1","turquoise"
"DDR2","blue"
"TUT7","yellow"
"RND2","grey"
"FGD2","blue"
"COLEC11","black"
"GOLGA8B","turquoise"
"ACSM2A","turquoise"
"MAP9","turquoise"
"PIGR","yellow"
"WASF3","yellow"
"LCP1","magenta"
"VWF","turquoise"
"DST","yellow"
"SLC6A19","grey"
"LRG1","pink"
"SUSD3","yellow"
"SEC14L1","blue"
"PDCD7","turquoise"
"FGA","turquoise"
"CHST9","green"
"VAV1","blue"
"SMPD3","turquoise"
"ITGBL1","yellow"
"CCDC91","turquoise"
"ST14","red"
"LAMA5","black"
"CD7","black"
"BBX","turquoise"
"HECW2","blue"
"MED16","brown"
"DPP7","brown"
"RNF126","brown"
"RAC3","red"
"GPT","brown"
"AGPAT2","red"
"SEMA6A","blue"
"DCP1A","turquoise"
"TRHDE","grey"
"MRO","yellow"
"ENG","blue"
"CCDC170","turquoise"
"CCDC34","turquoise"
"LIFR","yellow"
"HOOK3","turquoise"
"SLC16A4","yellow"
"SLC49A3","brown"
"GPC3","brown"
"MCRIP1","red"
"AGRN","brown"
"NOS3","green"
"DOK7","red"
"NPNT","grey"
"SHC2","brown"
"SFRP5","grey"
"ARRDC4","green"
"FTCD","brown"
"SREK1IP1","turquoise"
"DNAJC2","turquoise"
"CHRNA4","brown"
"CLDN2","yellow"
"CASP8AP2","turquoise"
"ILDR2","brown"
"SLC26A1","brown"
"RERGL","green"
"FGG","turquoise"
"EVA1B","brown"
"WSB1","turquoise"
"USH2A","red"
"SPATA20","grey"
"ACE2","turquoise"
"TSSC4","red"
"PLCB2","blue"
"HSPA1B","turquoise"
"CD38","blue"
"CXCL11","grey"
"TSC22D1","green"
"ID1","brown"
"OPLAH","brown"
"EBI3","blue"
"PARD6B","pink"
"OXER1","brown"
"EPCAM","grey"
"CFAP74","green"
"TPSB2","grey"
"ETNPPL","brown"
"ATXN2","turquoise"
"CRIPTO","green"
"TBXAS1","blue"
"P2RY12","green"
"SOD3","brown"
"MPPED1","grey"
"GASK1B","blue"
"HCFC1","black"
"SPP2","magenta"
"UGT1A4","turquoise"
"IGFBP7","pink"
"PER2","yellow"
"SKIL","turquoise"
"DYNLT5","blue"
"TMUB1","brown"
"SGCE","green"
"CHD2","turquoise"
"NLRP6","brown"
"BMP6","blue"
"UGT2A3","green"
"CHIC1","turquoise"
"HSPE1","green"
"ADAM9","yellow"
"NEK10","turquoise"
"MFSD3","red"
"CHPF","brown"
"MYL6","green"
"PPP3CA","turquoise"
"GLUL","yellow"
"NBEAL1","pink"
"SEMA3C","brown"
"NPY1R","yellow"
"LTBP2","yellow"
"HP","turquoise"
"CYP4A11","turquoise"
"PHACTR2","pink"
"NRAP","green"
"PYGM","grey"
"NSDHL","purple"
"TMIGD3","blue"
"PHC3","pink"
"IL33","red"
"RNH1","brown"
"CLDN7","red"
"KIF20B","turquoise"
"IRS2","turquoise"
"MKI67","yellow"
"SCRIB","brown"
"TFCP2L1","yellow"
"GBP5","blue"
"SLC12A8","grey"
"DYSF","blue"
"RAPGEFL1","turquoise"
"MRPL23","red"
"TEK","blue"
"ELOVL6","purple"
"FHIP1A","yellow"
"FGF14","blue"
"SLC35C1","yellow"
"GDF15","turquoise"
"ATAD3B","turquoise"
"HOGA1","green"
"EPB41L1","grey"
"ANGPTL4","brown"
"NCOR2","black"
"PNMA6A","yellow"
"TIMP1","yellow"
"SLC4A7","pink"
"FAT1","brown"
"GKAP1","turquoise"
"ZNF281","turquoise"
"SLC16A13","yellow"
"SULF1","brown"
"ACAT2","purple"
"ENPP7","yellow"
"FMNL2","yellow"
"EXOC3L4","brown"
"TUBB2A","green"
"D2HGDH","brown"
"VASN","brown"
"C1orf35","brown"
"LGALS1","red"
"DHCR7","purple"
"CLDN11","turquoise"
"SPON2","red"
"PLXND1","blue"
"ZMAT3","turquoise"
"IL1RAP","red"
"PBX1","blue"
"HSPA5","yellow"
"MAST1","green"
"FAM167B","brown"
"ADGRD1","yellow"
"DOCK8","blue"
"NDUFB8","green"
"CLEC1B","blue"
"PHLPP1","yellow"
"SPTSSA","turquoise"
"ATP1B2","blue"
"MED12","blue"
"ENPP3","turquoise"
"CD44","blue"
"GPT2","yellow"
"GET4","black"
"LINGO4","blue"
"WDFY3","yellow"
"RPS28","brown"
"NUBP2","brown"
"NIBAN2","red"
"DOCK5","turquoise"
"CPEB3","yellow"
"RBMS2","blue"
"RTN4RL2","brown"
"RGL1","blue"
"PFDN6","green"
"PARP4","red"
"CEP295","turquoise"
"THBS2","yellow"
"RABL6","brown"
"SLC16A12","purple"
"DEFB1","green"
"GPR34","blue"
"PCOLCE","brown"
"RPS27L","green"
"BCAT1","turquoise"
"GABRB3","grey"
"IFI44L","turquoise"
"PPIF","green"
"PRF1","blue"
"ESPN","brown"
"VSTM2L","red"
"TIMP2","blue"
"EGFL7","brown"
"FLNC","grey"
"NKAPL","turquoise"
"CORO1B","black"
"CHAD","green"
"XRN1","yellow"
"UGT3A2","yellow"
"LSP1","yellow"
"DNPH1","brown"
"CSTB","yellow"
"CITED4","brown"
"CCDC124","brown"
"JUND","brown"
"MYO9A","pink"
"TMEM132E","blue"
"ZNF787","brown"
"PKD2","yellow"
"AOX1","red"
"MACROD1","brown"
"MS4A4A","blue"
"SELENOO","brown"
"HIVEP1","yellow"
"GUCY1A2","pink"
"NTRK2","grey"
"PSD3","yellow"
"REEP6","brown"
"RASL10B","green"
"E2F1","green"
"GPBAR1","blue"
"ATOH8","brown"
"LILRA2","blue"
"FAM124B","yellow"
"CD86","blue"
"SIRPB1","blue"
"CIMAP1B","brown"
"ITIH2","turquoise"
"LAMC3","red"
"ABCA8","yellow"
"IKZF1","blue"
"ALDOC","purple"
"B3GNT5","blue"
"CYP4A22","turquoise"
"BCAM","brown"
"CLDN10","green"
"HCAR2","blue"
"XIAP","turquoise"
"SLF1","turquoise"
"KIF3A","turquoise"
"KLF7","turquoise"
"MED13L","yellow"
"S100A6","green"
"FBLN5","grey"
"POLR2L","red"
"DYNLT1","green"
"ART5","green"
"TNFSF13B","turquoise"
"CEBPB","black"
"ELOVL2","black"
"PLSCR4","red"
"NTN4","blue"
"LAPTM4B","grey"
"EGFLAM","blue"
"ORM1","pink"
"PLIN2","yellow"
"ONECUT2","turquoise"
"DOK5","grey"
"SLC38A4","yellow"
"RAPGEF5","yellow"
"CAND2","turquoise"
"CLDN5","brown"
"CHST4","green"
"TIAM1","yellow"
"MICU3","turquoise"
"MYO10","pink"
"DHRS4L2","green"
"LRRC45","red"
"SDF2L1","red"
"SLC39A3","red"
"YAF2","turquoise"
"LILRB4","blue"
"SIPA1L3","black"
"GCNT1","blue"
"COL5A1","red"
"ABAT","red"
"IRF7","brown"
"ATP13A2","blue"
"CXCL2","brown"
"UBR4","yellow"
"SLC16A7","grey"
"DTX1","yellow"
"TCHH","blue"
"TNNC2","grey"
"SLC2A4","grey"
"SIPA1L2","yellow"
"EEA1","pink"
"NRCAM","blue"
"PLG","turquoise"
"PADI2","grey"
"PDE4B","red"
"COL26A1","red"
"NOP53","brown"
"SLC25A33","green"
"TNIK","blue"
"GPR182","blue"
"PGAM2","grey"
"DVL1","brown"
"FGF2","blue"
"CDKN1C","black"
"ZNF503","brown"
"MSMO1","purple"
"ITIH3","turquoise"
"ZNF771","brown"
"NUCB2","green"
"ZNF467","black"
"MCAM","turquoise"
"VPS37D","red"
"RDH12","green"
"TMED6","turquoise"
"TRIM55","grey"
"HSD17B11","red"
"TYROBP","magenta"
"RGS5","blue"
"SIRPB2","blue"
"GABRP","grey"
"FBXW5","brown"
"RSRP1","turquoise"
"TLR4","blue"
"UQCC3","brown"
"PFKFB3","green"
"KCNJ3","green"
"RANGRF","green"
"BRCA1","grey"
"PCDH9","turquoise"
"SLX9","brown"
"PURA","turquoise"
"FBXW7","turquoise"
"ETS1","blue"
"LBP","pink"
"GSTM5","grey"
"LSS","purple"
"KANSL1","pink"
"NBPF14","turquoise"
"CD151","yellow"
"COX7B","green"
"KDM5A","turquoise"
"INTS1","brown"
"TBX15","turquoise"
"GPR37","grey"
"ARHGAP4","black"
"TRPV1","pink"
"SPIC","blue"
"TK1","yellow"
"RHBDD3","red"
"CYP3A43","turquoise"
"CNN1","grey"
"RPL39L","green"
"SPSB4","blue"
"LRP5","black"
"U2SURP","turquoise"
"VLDLR","blue"
"NRARP","green"
"CMKLR1","blue"
"ZEB2","pink"
"SUSD2","red"
"PER3","yellow"
"OGT","yellow"
"CAVIN3","brown"
"IFRD1","turquoise"
"DMXL2","yellow"
"CPXM2","grey"
"TGFBR2","red"
"HK2","blue"
"RAPH1","yellow"
"SECTM1","blue"
"HLA-DRB1","magenta"
"KIF26A","black"
"SLC7A2","yellow"
"CPLX1","brown"
"LRATD1","green"
"RASD1","red"
"NCOR1","turquoise"
"SLC44A2","blue"
"JADE1","red"
"SIGLEC10","blue"
"SIVA1","brown"
"BLTP1","yellow"
"CHLSN","red"
"PC","green"
"PLP2","yellow"
"FAHD1","red"
"FAM118A","turquoise"
"SYNPO2","blue"
"LMOD1","grey"
"FDFT1","purple"
"SBNO2","black"
"SLC17A1","turquoise"
"ELF3","yellow"
"PCDHGC3","blue"
"NOXA1","brown"
"ARHGAP31","blue"
"LDLR","purple"
"LRRC25","blue"
"ARHGDIA","brown"
"NOTCH4","green"
"MACROH2A2","green"
"NEK8","turquoise"
"HLA-DQA1","magenta"
"FSTL3","red"
"TRPM7","yellow"
"RO60","turquoise"
"MIDEAS","yellow"
"PPP1R3C","green"
"GSDMD","red"
"ITGB1","red"
"TP53I13","brown"
"LY6E","red"
"MRGPRF","brown"
"SELENOW","yellow"
"PTPRT","blue"
"ASPDH","brown"
"PHF8","green"
"ADGRL4","yellow"
"RELL1","green"
"DHRS7","green"
"MB","green"
"CD109","grey"
"SMAD6","black"
"NKAP","turquoise"
"STX16","turquoise"
"DAAM1","turquoise"
"RPL36","red"
"LILRB2","magenta"
"DOCK10","blue"
"DUSP10","green"
"IGSF6","magenta"
"FGL1","pink"
"BTAF1","yellow"
"ABCG2","yellow"
"TSPO","brown"
"RAB11B","brown"
"SLC25A27","turquoise"
"FAM9B","yellow"
"CA5A","green"
"HLA-DRA","magenta"
"SPTBN1","green"
"SPEN","yellow"
"ZNF462","turquoise"
"TOMM7","green"
"EFNB2","blue"
"ST8SIA4","blue"
"RTP3","green"
"PREX2","yellow"
"PARL","green"
"C3AR1","blue"
"RPS7","green"
"PRKCB","magenta"
"ZNHIT2","brown"
"KIAA2012","turquoise"
"VPS13A","yellow"
"ERN1","yellow"
"IL1RAPL2","turquoise"
"GJB2","black"
"PPFIA3","red"
"FRZB","grey"
"HES1","turquoise"
"PIDD1","brown"
"GTF2I","blue"
"PTGFR","green"
"FAM111A","turquoise"
"CHEK2","grey"
"SLC7A7","blue"
"PRMT6","grey"
"IFI44","green"
"CITED2","green"
"FMO2","blue"
"RNF208","brown"
"NRXN2","turquoise"
"CYP11A1","pink"
"WDFY4","blue"
"MAN1C1","green"
"UBALD1","brown"
"BCAR1","brown"
"TM7SF2","purple"
"AFP","brown"
"DCDC2","green"
"PODXL","turquoise"
"GLDC","grey"
"F12","brown"
"RBMS1","turquoise"
"WNT4","yellow"
"HLA-A","red"
"DNAH6","blue"
"KIF12","red"
"CD244","blue"
"KDM6B","black"
"C11orf96","brown"
"ERICH5","green"
"MTHFS","brown"
"FCN3","blue"
"MTUS2","grey"
"HAAO","green"
"ZCRB1","turquoise"
"CORO1A","magenta"
"SYT12","turquoise"
"RPL26","green"
"LGALS9","magenta"
"PCOLCE2","turquoise"
"TM4SF5","red"
"SSC4D","yellow"
"PDXP","black"
"ALDH16A1","brown"
"CCL23","blue"
"GLIS2","yellow"
"UBAP1L","grey"
"OAS3","blue"
"MAP7D3","turquoise"
"EIF3J","turquoise"
"SOX5","yellow"
"PKN3","grey"
"IGFBP5","blue"
"CIART","grey"
"VMO1","brown"
"SLC22A25","turquoise"
"CLDN15","brown"
"NHSL1","pink"
"EFNA2","brown"
"BMPER","blue"
"NFKBIB","brown"
"PLXNB2","black"
"ADGRA3","yellow"
"SELPLG","blue"
"ZNF236","pink"
"MARCKS","turquoise"
"PLEKHA4","brown"
"ARHGEF18","green"
"PLGLB1","grey"
"COL18A1","brown"
"BABAM1","green"
"CRIM1","yellow"
"KMT2D","yellow"
"SMTN","black"
"DOHH","brown"
"CTBP1","brown"
"APCDD1","turquoise"
"ZWINT","green"
"FAM83G","yellow"
"PWWP2B","brown"
"KLC1","brown"
"CEP78","turquoise"
"ZDHHC2","green"
"CKS2","green"
"SLCO1B3","turquoise"
"SULT1A1","grey"
"SCN1B","blue"
"ARRDC3","yellow"
"TMC8","blue"
"ATF5","yellow"
"PRSS8","red"
"CYP46A1","turquoise"
"LECT2","green"
"IYD","red"
"PCDHGB7","blue"
"BRAT1","brown"
"DOK3","blue"
"MUC20","turquoise"
"TRPS1","pink"
"GSTM4","grey"
"LOXL1","red"
"VCAN","turquoise"
"PLVAP","turquoise"
"MAGIX","red"
"PIEZO1","black"
"LIX1L","green"
"AHDC1","black"
"LGALS3BP","yellow"
"POSTN","blue"
"MPST","brown"
"IGSF3","blue"
"CCL5","yellow"
"NBPF3","grey"
"RGS16","turquoise"
"LENG8","black"
"RPLP1","red"
"HLA-B","red"
"HMBOX1","turquoise"
"PCNX3","black"
"NRTN","red"
"CSF3R","blue"
"PARP10","brown"
"DCDC1","pink"
"MPG","brown"
"F13A1","grey"
"HCK","blue"
"TTYH3","brown"
"GPX1","brown"
"FOS","grey"
"RAB43","black"
"KBTBD11","turquoise"
"GCGR","brown"
"PNPLA7","brown"
"CIC","black"
"GREB1","pink"
"TBCEL","red"
"ZNF414","brown"
"CD180","blue"
"GOLT1A","green"
"CCDC146","turquoise"
"SLC2A12","yellow"
"NIPAL1","yellow"
"CBX6","turquoise"
"MOGAT1","turquoise"
"TACSTD2","grey"
"NEBL","green"
"ZDHHC12","red"
"FKBP8","brown"
"ZNF688","red"
"RORA","yellow"
"ACKR3","blue"
"PCDH17","turquoise"
"POMC","brown"
"KNDC1","magenta"
"ZDHHC8","brown"
"RPS27A","green"
"STEAP4","blue"
"EPHA2","turquoise"
"GPAM","blue"
"ADGRA1","blue"
"GCDH","black"
"GNAO1","turquoise"
"NAA16","turquoise"
"NPIPB4","turquoise"
"NXN","grey"
"ZNF880","grey"
"CDH6","grey"
"KRT14","grey"
"NOS1AP","pink"
"PCDHGB6","blue"
"CLEC11A","brown"
"THRAP3","green"
"ABCC9","yellow"
"PSRC1","grey"
"PPIB","yellow"
"DGAT2","yellow"
"SYNM","blue"
"SCG5","grey"
"KPNA2","yellow"
"PTPRO","blue"
"C5AR2","turquoise"
"ADAP2","blue"
"IL2RB","blue"
"SLC12A2","pink"
"PREX1","blue"
"AGPAT5","green"
"CYB5R2","blue"
"BEX5","turquoise"
"CLUH","brown"
"SIGIRR","brown"
"ITGB2","magenta"
"PLAAT4","yellow"
"RFLNB","green"
"SGCA","red"
"BGN","magenta"
"RAB3IL1","blue"
"ISLR","yellow"
"FAM3B","grey"
"TRIM66","grey"
"INTS6","turquoise"
"KIF1A","green"
"SH3PXD2A","yellow"
"PTPA","yellow"
"EFCAB12","yellow"
"NTAN1","pink"
"MEGF6","brown"
"OAS2","blue"
"BHMT","turquoise"
"DDX17","pink"
"PRR14L","yellow"
"S100A10","green"
"CSRP2","green"
"HPS5","blue"
"SPESP1","turquoise"
"ITGA6","green"
"COL9A3","red"
"INHBB","grey"
"UBXN4","turquoise"
"S100A11","magenta"
"ABHD8","brown"
"PLPPR1","yellow"
"MDGA1","grey"
"HSPA1A","turquoise"
"NCOA3","blue"
"GPC1","brown"
"TOB1","pink"
"ZIC1","grey"
"INHBC","turquoise"
"ARHGAP45","black"
"GADD45GIP1","brown"
"NOL9","black"
"BCL3","brown"
"SLC23A3","green"
"PPFIBP1","yellow"
"RCAN2","turquoise"
"YPEL3","black"
"FLCN","pink"
"BACH2","grey"
"DSG1","red"
"LRP1","green"
"NEURL1","green"
"SLC22A11","yellow"
"APOB","red"
"TCIM","brown"
"LGSN","turquoise"
"POLR3GL","green"
"SAMD9L","blue"
"ZRSR2","turquoise"
"RBM41","turquoise"
"CHST15","blue"
"SRPK2","turquoise"
"MYOF","blue"
"CYP8B1","turquoise"
"ABI3BP","brown"
"SHROOM1","turquoise"
"SLC51A","turquoise"
"COL4A5","yellow"
"CTTNBP2","yellow"
"LRP6","yellow"
"KLHL29","green"
"BAD","red"
"HHIP","pink"
"PPP1R3G","green"
"TRAM2","turquoise"
"ZNF837","brown"
"OFD1","turquoise"
"XRRA1","grey"
"CST3","brown"
"SSPN","turquoise"
"DDX6","yellow"
"PLEKHH3","brown"
"TPSAB1","turquoise"
"SEC62","turquoise"
"PODN","red"
"TTLL7","turquoise"
"IRF2BP1","brown"
"SOAT2","turquoise"
"COL14A1","brown"
"OASL","yellow"
"PRAG1","blue"
"HIC1","black"
"RNF166","brown"
"LOC102724023","brown"
"ZFHX3","turquoise"
"TMPRSS9","grey"
"NLRC4","blue"
"WDR18","brown"
"RASSF7","red"
"SKI","green"
"CAVIN2","pink"
"CENPE","turquoise"
"RBMX2","turquoise"
"RMI2","green"
"ALDH1A3","blue"
"CKB","brown"
"CENPX","red"
"KCNS3","grey"
"DMGDH","red"
"FCGBP","grey"
"SELL","turquoise"
"GPM6A","green"
"MARCHF1","blue"
"TIMM17A","green"
"MTCL2","green"
"CPTP","brown"
"ZBED3","green"
"BCL7C","red"
"MYSM1","pink"
"PLEK","blue"
"TMBIM4","turquoise"
"PGGHG","turquoise"
"SPON1","grey"
"MOXD1","yellow"
"MMRN2","turquoise"
"DBP","brown"
"TGFBR3","green"
"ITGB3","red"
"CXCL14","turquoise"
"TNXB","green"
"GIPC1","red"
"PSMB10","yellow"
"RARRES2","brown"
"TLR1","blue"
"GYG2","blue"
"CNPY2","green"
"CCN2","grey"
"ROMO1","brown"
"DNASE1","turquoise"
"NPM2","turquoise"
"NOTCH3","grey"
"SASH3","blue"
"EXOSC4","brown"
"F2RL1","green"
"ZNF865","brown"
"MFAP4","yellow"
"INSIG1","purple"
"PRKAB2","red"
"INPP5D","blue"
"FOXM1","green"
"SAC3D1","red"
"HPGD","brown"
"NCAM1","blue"
"SORBS1","red"
"RNPC3","turquoise"
"USP8","turquoise"
"KLF16","red"
"EGLN2","red"
"GIMAP6","blue"
"SLIT3","grey"
"CFH","turquoise"
"CRIP2","brown"
"PLA2G7","magenta"
"NRDE2","turquoise"
"STBD1","brown"
"CYP2C8","turquoise"
"CXCL16","blue"
"ZFC3H1","turquoise"
"GPR153","grey"
"SON","turquoise"
"ITGA7","green"
"DOK6","yellow"
"UROC1","turquoise"
"C3","turquoise"
"TRABD","brown"
"HELLS","turquoise"
"MRPL1","turquoise"
"CP","red"
"CNTNAP2","grey"
"F2R","pink"
"ROBO4","blue"
"SRGN","blue"
"SULT1E1","yellow"
"PACSIN3","black"
"SCN9A","turquoise"
"TPRN","red"
"HELZ","yellow"
"FABP5","green"
"SNAP25","green"
"RAC2","blue"
"ADAMTS13","black"
"CD53","blue"
"IL27RA","turquoise"
"TMEM97","purple"
"ZNF593","brown"
"TAGLN2","yellow"
"DFFB","grey"
"HIPK2","green"
"SLC16A3","brown"
"ELF4","blue"
"ARVCF","brown"
"HLA-E","blue"
"SCGB2A2","grey"
"ETFB","red"
"NID1","red"
"PSME2","yellow"
"FAM169A","grey"
"TMEM259","brown"
"KIN","turquoise"
"ISG20","turquoise"
"JMJD1C","pink"
"THEMIS2","blue"
"PIGQ","red"
"UQCR11","red"
"GLP2R","turquoise"
"ANGPTL1","red"
"SPSB2","red"
"DENND3","blue"
"SEPTIN1","brown"
"KLRB1","yellow"
"TDO2","brown"
"N4BP2L2","turquoise"
"RAVER1","black"
"EDF1","red"
"NR2F1","black"
"FAM43A","black"
"PARP14","yellow"
"ITIH1","turquoise"
"MEX3D","black"
"RGS19","blue"
"ICAM3","brown"
"RPL28","brown"
"ETV7","yellow"
"ITPR2","yellow"
"CSPG4","blue"
"ATP2B2","green"
"CFDP1","green"
"ZNF524","brown"
"FAT4","yellow"
"VSIG2","green"
"BICDL1","green"
"NTN1","brown"
"TP53I11","blue"
"NAGS","brown"
"GNB4","blue"
"SULT2A1","blue"
"LRRK1","blue"
"AK1","red"
"DNAAF10","turquoise"
"IL17RE","red"
"DDX60L","yellow"
"S100A13","green"
"ABHD17A","brown"
"BICC1","turquoise"
"RIN3","black"
"MTF2","turquoise"
"TGFA","grey"
"TSPAN4","brown"
"TSPAN15","turquoise"
"ADRA1A","yellow"
"TULP4","yellow"
"AKR7A3","red"
"FGB","turquoise"
"TCF7L1","green"
"TRPM8","green"
"FUOM","red"
"MYRF","grey"
"IFI27L1","red"
"RASSF2","blue"
"JAKMIP2","yellow"
"FBRSL1","brown"
"MICAL3","yellow"
"CPNE6","purple"
"CXCR1","blue"
"PAQR5","green"
"ADH1C","green"
"LIAT1","grey"
"POU6F2","blue"
"DECR2","brown"
"CSF2RB","blue"
"OCLN","red"
"TLR8","blue"
"TMPRSS3","grey"
"TM4SF18","blue"
"TMSB10","yellow"
"PRR12","brown"
"HECTD1","yellow"
"MAP2K6","turquoise"
"KAT6A","green"
"IGF1R","blue"
"NPHP4","grey"
"ARHGEF37","grey"
"PKHD1","pink"
"BSN","green"
"KCNK6","turquoise"
"RBM12B","yellow"
"STRADA","turquoise"
"ANKS3","turquoise"
"MIDN","black"
"FOXA2","turquoise"
"CD14","brown"
"MEFV","blue"
"CNDP1","turquoise"
"C6","turquoise"
"NBPF15","turquoise"
"IL18BP","magenta"
"ZC3H4","black"
"RFX1","black"
"F5","red"
"CLSTN2","blue"
"ASPSCR1","brown"
"EIF3L","turquoise"
"FMOD","brown"
"CD22","blue"
"HLA-DOA","magenta"
"SNAI2","blue"
"METTL27","brown"
"TIGAR","grey"
"NES","green"
"PPP1R3B","blue"
"GUCA2B","red"
"REXO1","brown"
"METRNL","brown"
"ATP6V0B","yellow"
"SPATA2L","brown"
"ZBTB8A","turquoise"
"EPN1","brown"
"RIMOC1","green"
"OTULINL","blue"
"CFHR5","turquoise"
"ANXA6","pink"
"UBE3D","turquoise"
"TMEM86B","red"
"PSIP1","turquoise"
"ENHO","pink"
"PER1","yellow"
"RICTOR","pink"
"LNPEP","pink"
"SLC6A6","blue"
"TEF","turquoise"
"BBC3","red"
"ACVR1C","yellow"
"RBM26","turquoise"
"CEACAM19","turquoise"
"TUBA4A","brown"
"ZNF444","red"
"CAPN12","grey"
"CDC6","blue"
"KAT6B","turquoise"
"CIITA","blue"
"DDX21","turquoise"
"FERMT3","magenta"
"MGRN1","black"
"LPAR5","blue"
"EPM2AIP1","turquoise"
"COX6C","green"
"CYP3A7","grey"
"FRK","yellow"
"CFAP410","brown"
"RDH5","red"
"MEA1","yellow"
"ARID2","turquoise"
"ATP13A3","yellow"
"PLD3","magenta"
"IL4I1","red"
"PCDH1","turquoise"
"CAMK2B","turquoise"
"ZNF518B","green"
"PLAC8","blue"
"UNC93B1","black"
"EXPH5","pink"
"MRC2","brown"
"SEC14L4","turquoise"
"DICER1","yellow"
"LMTK2","yellow"
"ZKSCAN1","turquoise"
"COL16A1","red"
"ENDOG","brown"
"MCM2","pink"
"RDH11","purple"
"NOCT","grey"
"TSC22D3","grey"
"KMT2B","black"
"SETD1B","yellow"
"MEI4","turquoise"
"SFSWAP","turquoise"
"AMDHD2","brown"
"NOTCH2","red"
"BIRC5","blue"
"CALHM6","blue"
"AAK1","turquoise"
"RELB","red"
"TELO2","brown"
"WWC1","yellow"
"UGT1A6","brown"
"SLCO2A1","turquoise"
"CSNK1E","red"
"NDUFS8","brown"
"ANKRD29","green"
"TRIM47","brown"
"LRAT","turquoise"
"C1orf162","blue"
"PHKA1","blue"
"NOMO2","red"
"CD200R1","green"
"IL2RG","magenta"
"IFITM2","pink"
"CFAP70","turquoise"
"GUCY1A1","blue"
"CDC42EP1","brown"
"SLC10A5","pink"
"TCP10L","red"
"OSGIN1","brown"
"NOL3","turquoise"
"ERRFI1","turquoise"
"PDGFD","grey"
"AKNA","black"
"COL4A2","magenta"
"KLHL3","yellow"
"SERPINA7","black"
"HSPB6","grey"
"PXDN","green"
"TWF2","brown"
"WDR27","grey"
"TOR3A","green"
"WDPCP","turquoise"
"GATAD1","turquoise"
"EPSTI1","yellow"
"SEMA5A","yellow"
"NTN3","black"
"FOXN2","yellow"
"ASGR1","red"
"FRG1","turquoise"
"DNAH1","turquoise"
"HAVCR2","blue"
"RNF144A","blue"
"SMOC2","green"
"INF2","brown"
"APCS","pink"
"CBX4","black"
"CD33","blue"
"MAP3K1","yellow"
"GPR137B","blue"
"SLC43A2","blue"
"SEPTIN4","grey"
"HECTD4","yellow"
"ARSD","blue"
"PDZK1IP1","yellow"
"SLC15A3","magenta"
"TGM2","blue"
"CCDC66","turquoise"
"CAPS","turquoise"
"VAV3","blue"
"COL4A1","magenta"
"UGT3A1","yellow"
"CMIP","black"
"TUBB4B","yellow"
"ECI1","brown"
"TAF3","turquoise"
"APOL4","turquoise"
"ACOT2","brown"
"STOX2","turquoise"
"LRRFIP1","turquoise"
"VAMP8","green"
"APLNR","blue"
"DKK3","yellow"
"RALGAPA2","yellow"
"UGT2B11","green"
"TGFB3","turquoise"
"TST","red"
"LRRTM4","turquoise"
"COX6A2","brown"
"HSPA4L","brown"
"GPR65","blue"
"TSPAN5","yellow"
"LPCAT2","blue"
"FLNA","magenta"
"EPHA3","grey"
"BAX","yellow"
"SAMD11","red"
"ARRB1","blue"
"CENPO","turquoise"
"LIPC","turquoise"
"TBC1D2","black"
"PNN","turquoise"
"BRWD3","yellow"
"MX1","yellow"
"ZDHHC11B","turquoise"
"NCOA2","yellow"
"GPAT3","turquoise"
"ZNF217","yellow"
"CYP2A6","turquoise"
"TOP1","turquoise"
"NBPF10","turquoise"
"CYS1","green"
"DGCR6L","brown"
"MACF1","yellow"
"SACS","yellow"
"TRIM2","yellow"
"WAS","magenta"
"GIGYF1","black"
"DBNDD1","yellow"
"ARHGAP20","yellow"
"MAST4","turquoise"
"TMEM98","yellow"
"TLE2","black"
"ARSL","blue"
"ALPK3","grey"
"NT5M","blue"
"CTSG","turquoise"
"PLXNA1","black"
"MXRA8","yellow"
"ZNF280C","green"
"HOOK2","brown"
"CLK1","grey"
"PSAT1","red"
"HSD17B13","red"
"RHOC","yellow"
"EXOC3L1","black"
"ECHDC2","turquoise"
"PIN4","green"
"HGF","red"
"PAN3","pink"
"GOLIM4","pink"
"KIF5B","turquoise"
"FXYD6","blue"
"ATRN","red"
"TLCD2","turquoise"
"CD9","green"
"PTAFR","magenta"
"FABP3","blue"
"ARRDC1","brown"
"MET","red"
"MRPL55","red"
"TRAPPC6A","red"
"ZNF385A","magenta"
"CPNE2","blue"
"NPDC1","brown"
"POU2F1","pink"
"AGL","yellow"
"DDB2","green"
"AP5Z1","brown"
"DOT1L","brown"
"MTMR4","yellow"
"ZNF219","brown"
"ARSA","brown"
"KIAA1217","yellow"
"GJA5","turquoise"
"DIPK1C","blue"
"ST8SIA6","yellow"
"ITGA8","brown"
"FNBP1","blue"
"HIPK1","yellow"
"PLA2G4C","turquoise"
"SYPL2","grey"
"COX6B1","green"
"TRIM22","brown"
"AQP4","brown"
"SH3BGRL3","yellow"
"SLAMF7","magenta"
"MYL9","magenta"
"GINS2","green"
"PPP1R14A","brown"
"CDHR5","brown"
"FHL2","yellow"
"SEC14L3","turquoise"
"PEAR1","blue"
"CROCC","brown"
"TRRAP","yellow"
"GTPBP6","brown"
"ACTG1","brown"
"SEM1","green"
"TSPAN11","turquoise"
"FICD","turquoise"
"COPS9","red"
"CPSF1","black"
"DHRS9","grey"
"ADM2","yellow"
"TMEM129","red"
"LIMD2","magenta"
"PDK3","blue"
"DOCK11","blue"
"DRD1","blue"
"NFASC","grey"
"ARHGEF2","blue"
"FXYD5","magenta"
"CEP192","yellow"
"NDC80","green"
"LOC102724159","green"
"LRP2","grey"
"CENPU","green"
"RNASEH2C","brown"
"FDXR","red"
"BOP1","brown"
"GGCT","green"
"AMOTL1","red"
"PRKAR1B","brown"
"CCDC8","yellow"
"SRGAP2C","turquoise"
"GPLD1","yellow"
"LAMTOR4","red"
"CD34","turquoise"
"HMCN1","pink"
"LRRC20","green"
"DYNLL1","yellow"
"GIMAP4","blue"
"ACE","green"
"ZNF407","yellow"
"SMC6","turquoise"
"GPCPD1","yellow"
"HLX","brown"
"MATK","brown"
"RREB1","yellow"
"XAB2","brown"
"MTRFR","turquoise"
"MVK","red"
"NAA10","red"
"KHSRP","black"
"FGFR4","brown"
"C12orf57","brown"
"CREBZF","pink"
"SUSD1","blue"
"HSPBP1","brown"
"SLC30A10","yellow"
"ATAD3A","red"
"EIF2S2","turquoise"
"APOBEC3C","magenta"
"LBX2","brown"
"ARMC5","brown"
"RDH16","turquoise"
"MCOLN1","blue"
"MAN1A2","turquoise"
"NDUFA3","red"
"E4F1","brown"
"ITGA9","blue"
"MTR","yellow"
"SYNE3","yellow"
"FBLN1","grey"
"GLT1D1","turquoise"
"SIGLEC9","blue"
"LRRC23","green"
"SLC25A22","brown"
"AIF1L","turquoise"
"HEG1","blue"
"CSAD","brown"
"VPS51","brown"
"MTURN","blue"
"ADAMTS10","brown"
"SLCO1B1","red"
"TSC22D2","pink"
"P2RX7","turquoise"
"GAS6","red"
"HDAC10","turquoise"
"AHNAK2","yellow"
"SLC39A4","brown"
"SSBP4","brown"
"SPSB3","brown"
"IKZF3","turquoise"
"RAB7B","yellow"
"COPRS","yellow"
"KCNK3","green"
"CD93","blue"
"NICOL1","brown"
"SPHK2","brown"
"DNMT3L","blue"
"RPS14","yellow"
"CCDC14","turquoise"
"NID2","green"
"ZNF845","turquoise"
"EIF3C","black"
"CYSLTR1","blue"
"SMC2","turquoise"
"JCAD","blue"
"MREG","turquoise"
"SC5D","red"
"LHX2","brown"
"HERC1","yellow"
"ENTPD8","red"
"COX7A1","red"
"ZNF587","turquoise"
"SLC22A17","brown"
"LTF","turquoise"
"HLA-DPB1","magenta"
"CHCHD10","brown"
"ZNF628","brown"
"LRRK2","yellow"
"OAS1","yellow"
"FPR3","magenta"
"PMVK","red"
"GRN","magenta"
"MISP3","red"
"DAB2","blue"
"ZNF780B","turquoise"
"ADGRG7","turquoise"
"ADAMTS17","turquoise"
"TIMM10","green"
"SEMA3G","green"
"MGMT","red"
"PLCB3","black"
"PBDC1","turquoise"
"CEP164","turquoise"
"MPV17L2","yellow"
"RAB15","turquoise"
"NEDD8","green"
"COG8","green"
"MCF2L","black"
"IL16","blue"
"SLC1A1","turquoise"
"NEU3","red"
"BSCL2","green"
"ZFP1","red"
"MCM5","brown"
"CYTH4","blue"
"SLC38A3","turquoise"
"CYP2S1","blue"
"BMF","yellow"
"PTPRU","yellow"
"DAPK3","brown"
"SEMA4D","green"
"TCF7L2","pink"
"NCEH1","blue"
"CSNK1G2","brown"
"ACP5","magenta"
"CACFD1","red"
"ELOB","red"
"ITGA4","blue"
"NAMPT","red"
"PARVB","brown"
"LLGL2","brown"
"ACVR2B","pink"
"CLIC6","green"
"LSM7","red"
"GNL3L","turquoise"
"ATP5ME","red"
"TMEM106A","magenta"
"TMEM19","blue"
"BRD3","turquoise"
"PEMT","black"
"SIGLEC11","blue"
"FBN1","grey"
"HEXD","red"
"TCIRG1","brown"
"EMID1","turquoise"
"IGFBP6","yellow"
"NHSL2","blue"
"TUSC3","turquoise"
"KCNAB2","blue"
"ARID3A","turquoise"
"TRIM29","turquoise"
"DRAP1","red"
"TTC14","turquoise"
"FAAP100","brown"
"ARMC6","red"
"CCDC198","green"
"SCARF1","yellow"
"MOV10L1","green"
"ABCA6","yellow"
"APOA1","red"
"METAP2","turquoise"
"FOXP3","grey"
"ADGRG6","red"
"PSMB9","yellow"
"PALLD","blue"
"KPNA5","turquoise"
"TIMM17B","yellow"
"RASSF3","grey"
"STYX","yellow"
"C4BPA","turquoise"
"CD37","magenta"
"APOA5","brown"
"SF3A2","brown"
"SLC25A25","turquoise"
"TSR3","red"
"GPR82","blue"
"NOVA2","blue"
"COPE","brown"
"RABEP2","brown"
"SLFN5","blue"
"CAPN2","green"
"PSMA7","red"
"PPP1R1A","turquoise"
"PPP4R4","blue"
"LPP","turquoise"
"CPNE1","grey"
"GRK2","black"
"DENND4C","pink"
"ANXA10","black"
"CCDC167","green"
"NUDT4","yellow"
"ASB4","yellow"
"GABPB2","turquoise"
"PAXX","red"
"FRA10AC1","turquoise"
"SLC18A2","yellow"
"IFI35","yellow"
"PPARGC1B","pink"
"PPP1R14B","red"
"MME","red"
"AKAP17A","brown"
"RRAD","red"
"NR2F6","red"
"SLC13A5","turquoise"
"SYNGR1","turquoise"
"MAD1L1","brown"
"ACER3","turquoise"
"CRYM","blue"
"RCSD1","blue"
"PDK4","yellow"
"CCNA2","green"
"HERC5","yellow"
"TRIB3","green"
"PGAM1","green"
"TRIM38","turquoise"
"GSN","yellow"
"ITGA3","green"
"TOMM40L","green"
"SHROOM2","blue"
"XPNPEP3","pink"
"UBL5","green"
"CD36","blue"
"RPL27A","green"
"GSTM2","grey"
"SLA","blue"
"ERP29","yellow"
"MYLK","yellow"
"UNC5CL","blue"
"ADGRE2","magenta"
"SYBU","red"
"CARMIL3","purple"
"KIF27","turquoise"
"KLF2","black"
"TFAP4","black"
"TPX2","yellow"
"APBA1","yellow"
"PRR15L","yellow"
"RAP1GAP","turquoise"
"METTL26","brown"
"RAVER2","blue"
"RNPEPL1","brown"
"RHOD","brown"
"PECAM1","blue"
"SMIM1","brown"
"GFOD1","turquoise"
"BSG","brown"
"ST6GALNAC3","red"
"DSC2","yellow"
"SPAG9","yellow"
"MRAP","green"
"AKAP11","yellow"
"WDR24","brown"
"SCARA5","grey"
"C19orf25","red"
"LAGE3","red"
"VPS13B","yellow"
"ATP11A","yellow"
"PDE9A","turquoise"
"SLC25A15","turquoise"
"NFATC2IP","turquoise"
"ATP7B","red"
"FOXP1","turquoise"
"PDIA3","black"
"ZNF326","turquoise"
"ADGRV1","blue"
"F8","red"
"NPAS2","blue"
"TPRG1","turquoise"
"RFTN1","yellow"
"MRPL13","black"
"RAB3GAP2","turquoise"
"ATP1A2","green"
"TAF1D","turquoise"
"SLAMF8","yellow"
"CASKIN2","black"
"CYP2E1","turquoise"
"GPR162","green"
"LRRC75B","brown"
"TIMM13","brown"
"LGALS2","grey"
"PODXL2","brown"
"AEN","green"
"FAM107A","turquoise"
"SAMD5","grey"
"FLRT3","grey"
"IRF2BPL","black"
"TMSB4Y","blue"
"SEMA4G","turquoise"
"RNASET2","black"
"PLBD2","turquoise"
"HCAR3","blue"
"RWDD1","turquoise"
"ID4","grey"
"PYCARD","brown"
"GAA","brown"
"PTK6","red"
"RERE","green"
"CD248","brown"
"ARHGDIB","magenta"
"PIEZO2","yellow"
"GLS","yellow"
"RPLP2","red"
"FGD5","blue"
"UBE2L6","pink"
"FADS6","brown"
"GNE","red"
"ATF7IP","yellow"
"FAM171A1","turquoise"
"SDCBP2","turquoise"
"SERPINA11","turquoise"
"SLPI","green"
"ALG11","yellow"
"MED13","yellow"
"SMOX","grey"
"LRRCC1","turquoise"
"ERAP1","turquoise"
"SERPINA1","pink"
"ANKRD13D","turquoise"
"CLK4","turquoise"
"ACOT12","green"
"SNRNP70","turquoise"
"CYB561","yellow"
"PTRH1","brown"
"ADCY7","blue"
"NFIX","black"
"CDK1","green"
"RBL2","red"
"RPS6KA5","turquoise"
"FKBP10","yellow"
"SCAF1","brown"
"SLC2A4RG","brown"
"MTA1","black"
"NBPF11","turquoise"
"DEPP1","grey"
"UGDH","pink"
"CYB5D1","red"
"UGT2B10","black"
"TTBK1","grey"
"MMP7","yellow"
"IGSF23","turquoise"
"CDR2L","turquoise"
"CBL","yellow"
"PLCXD2","green"
"RUNX3","turquoise"
"INTU","turquoise"
"OTUD3","pink"
"MED18","green"
"ARF4","yellow"
"SPATA6L","blue"
"SNX27","yellow"
"GPC5","green"
"SNTB2","pink"
"SSC5D","red"
"ZNF563","green"
"SHPRH","pink"
"SAMHD1","blue"
"RIC3","turquoise"
"RNASE4","black"
"COL12A1","red"
"ATG2A","black"
"RNASE1","yellow"
"ZFYVE16","yellow"
"COL6A1","brown"
"HYAL3","yellow"
"CSRNP3","yellow"
"PIK3CD","blue"
"LILRA1","blue"
"CELSR2","grey"
"ZNF585B","yellow"
"B3GAT3","red"
"CTSW","magenta"
"RPL36AL","green"
"UBN2","pink"
"TMPPE","blue"
"NCS1","green"
"RFNG","brown"
"RPS19","yellow"
"HIPK3","yellow"
"KCNJ5","yellow"
"FNDC4","yellow"
"FLRT2","grey"
"SASH1","yellow"
"JAG1","turquoise"
"SLC6A16","turquoise"
"TBXA2R","black"
"PEG3","green"
"GALC","green"
"SLC25A18","grey"
"PEX16","brown"
"CCNL2","turquoise"
"ADRM1","brown"
"OGFR","brown"
"KIRREL1","turquoise"
"CRYAB","green"
"ADCK2","yellow"
"PLCXD3","grey"
"PALM3","red"
"MYO18A","green"
"ALPL","turquoise"
"PPP1R9A","turquoise"
"SOWAHA","blue"
"MYO16","green"
"ABHD14A","pink"
"CEP85L","turquoise"
"MYO1F","magenta"
"ZNF302","turquoise"
"FIBIN","blue"
"H2AX","red"
"STARD4","purple"
"GEN1","magenta"
"ZC3H15","turquoise"
"SULT1B1","yellow"
"NEIL1","turquoise"
"NAPEPLD","pink"
"SUCNR1","green"
"DTL","green"
"PRR5","red"
"IRAK3","green"
"PRPF8","red"
"PNPLA6","brown"
"CASP7","green"
"MTLN","brown"
"LARP1B","turquoise"
"NUSAP1","yellow"
"ZEB1","pink"
"RPS19BP1","red"
"CD2","magenta"
"STARD8","blue"
"CD300C","blue"
"GIMAP7","turquoise"
"CDT1","grey"
"TMEM184A","brown"
"TXNDC17","green"
"COMMD4","red"
"CELF5","yellow"
"ADORA3","blue"
"ZNF121","pink"
"DGKH","pink"
"ADCK5","brown"
"ULK1","brown"
"ARFRP1","red"
"PTTG1","green"
"SEL1L3","blue"
"JAK2","yellow"
"MXD4","brown"
"ITGAX","turquoise"
"HYOU1","grey"
"RPS4X","black"
"ATG16L2","turquoise"
"CEP152","turquoise"
"EDAR","grey"
"KIFC3","brown"
"RASEF","grey"
"SOCS2","yellow"
"SAA4","turquoise"
"MYLK4","yellow"
"KCNC4","yellow"
"WLS","blue"
"ADAMTS5","pink"
"CBLN4","grey"
"CLEC3B","blue"
"PRR18","red"
"CTU1","brown"
"TRPM2","turquoise"
"CAV2","turquoise"
"STAT1","brown"
"FAM83D","yellow"
"C8orf82","brown"
"PDE7B","blue"
"HSD17B7","purple"
"TRIP6","red"
"NDUFA4L2","brown"
"EIF1AX","blue"
"HEATR5B","yellow"
"WIPF3","turquoise"
"TMEM82","brown"
"SDR42E1","turquoise"
"MIA2","turquoise"
"SERPING1","turquoise"
"CDH2","green"
"PARM1","grey"
"STMN1","yellow"
"EDA","blue"
"CRELD2","red"
"PUS3","red"
"THSD7A","turquoise"
"CLEC12A","grey"
"TOR1AIP2","yellow"
"P3H2","blue"
"HMGCS2","red"
"C9orf152","green"
"CCDC38","green"
"PHLDB3","brown"
"GATA3","turquoise"
"ZC3H3","black"
"FXYD1","brown"
"AFDN","turquoise"
"PRKCA","yellow"
"LRRN3","turquoise"
"CPED1","red"
"BMAL2","black"
"MCC","red"
"MBOAT1","yellow"
"GAMT","brown"
"RDX","turquoise"
"AKR1C3","black"
"ALDH1B1","blue"
"ABCB4","black"
"CRISPLD1","green"
"TNS2","blue"
"ERG28","purple"
"AHR","turquoise"
"UVSSA","yellow"
"ANAPC11","brown"
"PLCB1","pink"
"IER2","brown"
"STK17B","yellow"
"TBL1XR1","yellow"
"PIKFYVE","yellow"
"SHE","blue"
"CLIC2","blue"
"PRKCH","blue"
"SERTAD1","yellow"
"EMB","blue"
"TNK2","brown"
"ERF","brown"
"TRANK1","red"
"IPCEF1","blue"
"CPLANE1","pink"
"C8B","turquoise"
"GALNT14","blue"
"ZCCHC17","red"
"SLC1A5","blue"
"ABCD1","brown"
"GPRIN3","pink"
"GUCD1","green"
"HERC3","red"
"SPN","turquoise"
"TSPAN7","blue"
"CLDN14","black"
"HDHD3","red"
"SLC2A1","yellow"
"DIPK2B","turquoise"
"TC2N","brown"
"EP300","yellow"
"BIVM","blue"
"GPATCH4","red"
"MDM2","turquoise"
"DUS3L","brown"
"MAFG","turquoise"
"SVEP1","brown"
"TENT5C","grey"
"CXADR","pink"
"BRI3","brown"
"TSKU","red"
"PRUNE2","blue"
"PITPNM1","black"
"DLC1","green"
"PLPP2","grey"
"INTS2","yellow"
"RARB","blue"
"FILIP1","turquoise"
"DMXL1","yellow"
"CLPTM1L","turquoise"
"RPS24","green"
"RPUSD1","brown"
"CCDC15","turquoise"
"INMT","turquoise"
"INSR","pink"
"SLC39A10","yellow"
"PCDHAC2","green"
"TUBA1C","green"
"SP4","pink"
"THOP1","brown"
"PKM","magenta"
"ATF3","green"
"B3GNT8","magenta"
"RAMP3","brown"
"GALNT18","yellow"
"GCHFR","brown"
"SLC5A1","grey"
"PFKL","brown"
"NAA38","red"
"MXRA5","red"
"BOK","brown"
"PGM2L1","pink"
"RPL8","red"
"HVCN1","blue"
"FIGNL2","brown"
"APOL1","yellow"
"DAPK1","yellow"
"RAD52","grey"
"SYNE2","yellow"
"FBXO8","blue"
"IRF4","grey"
"ITPRIPL2","pink"
"NT5DC3","pink"
"SSR4","yellow"
"ZNF891","turquoise"
"SLC2A9","turquoise"
"IL13RA2","blue"
"LBR","green"
"THUMPD2","turquoise"
"ATP1B1","yellow"
"DIPK2A","yellow"
"CYRIA","blue"
"GGT5","red"
"MRPS34","red"
"LAG3","blue"
"ABHD1","red"
"FAM161A","turquoise"
"RPL17","blue"
"FBXL18","black"
"DISP2","grey"
"FAM163B","grey"
"CREBBP","yellow"
"MFAP3","red"
"ABI3","blue"
"MPC1","green"
"RBMS3","turquoise"
"FNDC1","grey"
"HOMER3","brown"
"ACADS","brown"
"GPR160","blue"
"MEGF8","green"
"VTCN1","green"
"ROBO1","green"
"PON3","turquoise"
"NUDT1","yellow"
"SERINC2","brown"
"MRPL28","red"
"DPYSL2","turquoise"
"ALDH1L1","green"
"LRRC8C","blue"
"CELF2","magenta"
"SETBP1","pink"
"FYCO1","red"
"MCM6","brown"
"VNN1","black"
"LRP4","green"
"NDUFA13","brown"
"SLC66A2","brown"
"UBXN6","brown"
"SOCS3","grey"
"MFSD4B","turquoise"
"TBL3","brown"
"KCTD15","brown"
"ANKRD17","turquoise"
"SCN8A","pink"
"COL6A6","yellow"
"SLC16A2","turquoise"
"UBXN7","pink"
"KPNA6","turquoise"
"CD6","red"
"MAMLD1","turquoise"
"HUWE1","yellow"
"LHFPL2","blue"
"FGFBP2","blue"
"KIF19","blue"
"TMEM200B","blue"
"ZNF568","grey"
"PPP1R16B","blue"
"SPAG4","yellow"
"FAXDC2","turquoise"
"HPR","turquoise"
"ARHGEF6","blue"
"ISOC2","brown"
"HMGXB4","turquoise"
"ZNF117","pink"
"PALM","brown"
"CD79A","grey"
"HEPH","turquoise"
"FMR1","pink"
"PTMS","brown"
"FRAS1","brown"
"MRPL4","brown"
"CLTB","red"
"JAZF1","grey"
"ABCC11","turquoise"
"SKP2","yellow"
"MDK","red"
"CAMSAP3","brown"
"HCLS1","blue"
"LSM12","yellow"
"FLI1","blue"
"ZBTB3","black"
"ANXA5","pink"
"HIF1A","green"
"GZMB","blue"
"XK","green"
"POLR1G","turquoise"
"CILP","grey"
"KCNK17","grey"
"DEPDC5","blue"
"DYNC1H1","yellow"
"FAM217B","turquoise"
"CNTLN","turquoise"
"UBTD1","brown"
"CNKSR2","green"
"LGI1","grey"
"GAS2L1","brown"
"AGXT","brown"
"SPINT2","yellow"
"DCXR","brown"
"GSTZ1","green"
"DDX11","grey"
"GSAP","yellow"
"MTSS2","black"
"BBOX1","turquoise"
"NME4","brown"
"TANC2","blue"
"GATAD2B","pink"
"EEF1D","red"
"TMT1B","grey"
"GATAD2A","black"
"LSR","brown"
"COL8A1","grey"
"NCF2","blue"
"SEZ6L2","yellow"
"KCNN2","turquoise"
"KCNJ15","brown"
"ST3GAL1","yellow"
"SPPL2B","brown"
"NFIL3","grey"
"USP16","turquoise"
"EPHB2","grey"
"STK4","blue"
"OBSCN","pink"
"PGAP4","green"
"SPSB1","yellow"
"ANGPTL2","grey"
"S1PR2","brown"
"MID1IP1","brown"
"COL15A1","grey"
"MMP15","red"
"ZMYM5","turquoise"
"PAMR1","blue"
"GADD45A","turquoise"
"ARHGEF1","brown"
"GCAT","brown"
"IGF2","black"
"ABCC4","green"
"ADD3","yellow"
"CTSH","brown"
"GADD45B","brown"
"TERB2","grey"
"MMP2","grey"
"CES5A","pink"
"NABP1","turquoise"
"HMMR","green"
"BRMS1","yellow"
"SMOC1","green"
"SCRN2","red"
"CCDC107","yellow"
"HEYL","grey"
"CTSS","magenta"
"NAT14","red"
"TEX30","green"
"STAT4","turquoise"
"TRPV4","brown"
"GEM","grey"
"BAALC","blue"
"SLC45A4","blue"
"APBB1IP","blue"
"RTN4RL1","yellow"
"GRAMD4","black"
"SLC27A3","turquoise"
"RBM42","brown"
"NDUFAF2","pink"
"PDLIM7","brown"
"ZNF521","blue"
"WNT3","turquoise"
"GPC4","grey"
"WDR72","turquoise"
"CETN2","black"
"SLC17A3","brown"
"REL","pink"
"P2RY6","blue"
"FCER1A","grey"
"MCCC2","red"
"ERG","blue"
"FASTK","red"
"MICALL2","brown"
"ECH1","brown"
"MRPL54","red"
"RCN3","turquoise"
"FES","brown"
"TNFRSF21","blue"
"DAG1","turquoise"
"TCEAL9","turquoise"
"CCZ1B","grey"
"TNFRSF1B","magenta"
"EMILIN2","magenta"
"NOSIP","red"
"OSBPL6","yellow"
"ABTB3","grey"
"NR2F2","pink"
"VEPH1","brown"
"CD300A","blue"
"PDP2","turquoise"
"ZNF844","brown"
"ZNF468","black"
"KANK3","brown"
"ANK3","yellow"
"ZNF518A","pink"
"HABP2","turquoise"
"AOC3","turquoise"
"LGMN","blue"
"SLC35E3","turquoise"
"VTN","pink"
"MBNL3","red"
"SLC25A29","turquoise"
"ABCC1","green"
"IL7R","grey"
"NAV2","yellow"
"ACCS","green"
"PCDHGB5","red"
"IDUA","black"
"PGAM5","blue"
"PFN2","grey"
"SLC5A3","turquoise"
"RPS15","brown"
"RUBCNL","blue"
"SBF2","yellow"
"PTBP2","pink"
"NRROS","blue"
"PTPN7","red"
"FRYL","pink"
"KAZALD1","grey"
"VIM","magenta"
"PLAC9","red"
"CAMK1D","turquoise"
"GMPPB","red"
"RAB27B","yellow"
"SMARCC2","yellow"
"LRWD1","brown"
"TNFAIP8L1","red"
"TTC6","turquoise"
"DIO1","black"
"LTN1","yellow"
"SERPINB9","green"
"EPHB1","grey"
"C14orf180","brown"
"CCDC150","turquoise"
"VAT1L","turquoise"
"SBF1","black"
"ARL4D","red"
"KIAA1755","grey"
"EPOR","blue"
"ALOX5","blue"
"ANKS1A","blue"
"LRRC24","brown"
"DBI","green"
"TBL1Y","blue"
"BTK","magenta"
"TNN","blue"
"PRSS3","grey"
"TMEM161A","brown"
"SELENOM","brown"
"ANTXR1","blue"
"POLR1F","turquoise"
"NUP62","red"
"GGT1","brown"
"BEST1","brown"
"SLC15A2","blue"
"KIT","yellow"
"KAZN","green"
"CACNB2","turquoise"
"ARHGEF10L","black"
"SMCHD1","yellow"
"AMY2B","yellow"
"GZMH","yellow"
"TRIOBP","black"
"TJP1","yellow"
"PLXNC1","brown"
"BICRAL","yellow"
"ITPA","green"
"WNK2","brown"
"LRRC58","turquoise"
"SYNE4","red"
"RAB4B","red"
"SH2D3C","blue"
"MLST8","brown"
"PLEKHH2","turquoise"
"PWWP3B","grey"
"UQCC2","green"
"TMEM131","yellow"
"HDAC9","blue"
"SLC20A1","yellow"
"ADAMTS7","black"
"GAL3ST1","brown"
"SGK2","green"
"TCEA2","red"
"RPS10","red"
"ADSS1","grey"
"NFKBIL1","red"
"YOD1","red"
"TMEM134","brown"
