"gene","wgcna_module","module_num","kWithin"
"ABCA2","ME_turquoise",1,1.96362757641658
"ACHE","ME_turquoise",1,0.00536491874551974
"ADAMTS1","ME_turquoise",1,1.69236805639569
"ADAMTSL2","ME_turquoise",1,3.93102836816468
"AMN","ME_turquoise",1,0.585235552511734
"ARHGEF16","ME_turquoise",1,1.38042518773412
"ATF3","ME_turquoise",1,2.45801338858315
"B3GNT8","ME_turquoise",1,0.137203886476295
"BBC3","ME_turquoise",1,0.874223802177803
"BTBD2","ME_turquoise",1,4.0427525667081
"C11orf96","ME_turquoise",1,2.04185936308879
"C1QC","ME_turquoise",1,0.676842220426881
"CAPG","ME_turquoise",1,0.728668076576567
"CCL2","ME_turquoise",1,1.90044073148113
"CCL24","ME_turquoise",1,0.0218731446458244
"CCN1","ME_turquoise",1,3.2333173573517
"CCN2","ME_turquoise",1,1.62336121259018
"CCND1","ME_turquoise",1,1.13563626174421
"CD69","ME_turquoise",1,0.849725360129651
"CDHR2","ME_turquoise",1,0.00857199437625737
"CDKN1A","ME_turquoise",1,1.1056873115156
"CHI3L1","ME_turquoise",1,0.280704638575454
"CHLSN","ME_turquoise",1,4.53567654566645
"CHTF18","ME_turquoise",1,1.54757217324813
"CLDN3","ME_turquoise",1,3.6577343817405
"CLEC11A","ME_turquoise",1,1.35095117945405
"COL16A1","ME_turquoise",1,0.652545762146489
"COL1A1","ME_turquoise",1,2.12273290675121
"COL6A2","ME_turquoise",1,2.74753953241159
"CORO1B","ME_turquoise",1,2.4394225058063
"CSNK1G2","ME_turquoise",1,3.25663621437959
"CSRNP1","ME_turquoise",1,3.18821014377582
"CTSD","ME_turquoise",1,3.22033304258358
"CTSG","ME_brown",2,0.00196732330302684
"CXCR4","ME_turquoise",1,2.09930152915539
"DAGLA","ME_turquoise",1,1.51705701189092
"DCDC2","ME_turquoise",1,0.231346940370318
"DERL3","ME_turquoise",1,0.0155060042423838
"DTNA","ME_turquoise",1,0.123593886032669
"DUS3L","ME_turquoise",1,4.29096281976632
"DUSP1","ME_turquoise",1,0.480142737889601
"DUSP2","ME_turquoise",1,1.29261690041765
"DUSP8","ME_turquoise",1,1.09960525011724
"E2F1","ME_turquoise",1,0.0441958833751263
"E4F1","ME_turquoise",1,5.91719045994619
"EDA2R","ME_turquoise",1,0.0424376308015733
"EGR2","ME_turquoise",1,1.40268292749057
"ELFN2","ME_yellow",3,8.30268775761481e-05
"EMILIN1","ME_turquoise",1,4.32403233932349
"FASN","ME_turquoise",1,1.55348992331406
"FCN1","ME_turquoise",1,0.275735738610676
"FOS","ME_turquoise",1,0.716628505964504
"FOSB","ME_turquoise",1,1.9032282050619
"FSTL3","ME_turquoise",1,1.22226540720279
"GABRB3","ME_blue",4,0.00258716153210856
"GADD45B","ME_turquoise",1,0.560186392969455
"GADD45G","ME_turquoise",1,0.184605129703844
"GLIS2","ME_turquoise",1,1.80700268174673
"GLTPD2","ME_turquoise",1,5.86823403695402
"GPC1","ME_turquoise",1,6.07162524273586
"HBEGF","ME_turquoise",1,1.23042988979371
"HGFAC","ME_turquoise",1,4.37946473530706
"ID4","ME_turquoise",1,0.429170751620036
"JOSD2","ME_turquoise",1,2.2631093201223
"JUN","ME_turquoise",1,3.12389502553335
"JUNB","ME_turquoise",1,2.70831934673186
"KLF4","ME_turquoise",1,2.8358267333548
"KNDC1","ME_turquoise",1,0.00560597686912225
"KRT23","ME_turquoise",1,1.19434296708536
"KRT7","ME_turquoise",1,1.32171881358679
"LAMA5","ME_turquoise",1,1.750108254864
"LAMC3","ME_turquoise",1,1.95532204384955
"LIME1","ME_turquoise",1,4.86619502397824
"LINC03040","ME_blue",4,0.00890745423549365
"LPL","ME_turquoise",1,0.0928034838631319
"LRP3","ME_turquoise",1,4.35289517211473
"LTBP4","ME_turquoise",1,2.20231126635741
"MAFF","ME_turquoise",1,4.14854265184359
"MAMDC4","ME_turquoise",1,2.90266891570144
"MEGF6","ME_turquoise",1,2.06288436369761
"MICALL2","ME_turquoise",1,3.224700465603
"MIF","ME_turquoise",1,2.12062452400671
"MMP9","ME_turquoise",1,0.188186090569483
"MSC","ME_turquoise",1,0.0349837591047566
"MT1G","ME_turquoise",1,0.278098907762055
"MUC6","ME_turquoise",1,0.15631124427774
"MYC","ME_turquoise",1,3.6422899751552
"NLRP6","ME_turquoise",1,0.487369519197478
"NOTUM","ME_turquoise",1,0.481904346495719
"NOXA1","ME_turquoise",1,6.01782121176348
"NPM2","ME_green",5,0.000275048093638873
"NR4A1","ME_turquoise",1,3.51776646136032
"OPLAH","ME_turquoise",1,5.36432231112864
"PAQR4","ME_turquoise",1,0.92747811952667
"PCNX3","ME_turquoise",1,2.53888191165289
"PDGFA","ME_turquoise",1,1.30464240073064
"PDZK1IP1","ME_turquoise",1,0.734859620011644
"PGGHG","ME_turquoise",1,0.219175676211254
"PHLDA3","ME_turquoise",1,0.479723241462059
"PLCH2","ME_turquoise",1,0.248514728147804
"PPP1R3G","ME_turquoise",1,0.143919642560255
"PRAMEF10","ME_turquoise",1,0.375229897175027
"RAB25","ME_turquoise",1,0.170099312029295
"RASD1","ME_turquoise",1,1.92273575765885
"RECQL4","ME_turquoise",1,1.3156482234976
"RGCC","ME_turquoise",1,0.560090588090596
"RGS1","ME_turquoise",1,1.46486278418681
"RGS16","ME_turquoise",1,0.1849783565277
"RPUSD1","ME_turquoise",1,3.099780346565
"RTN4R","ME_turquoise",1,0.605503859549861
"S1PR2","ME_turquoise",1,1.03249940036995
"SCAND1","ME_turquoise",1,5.56817014837642
"SERPINA12","ME_red",6,0.000253334793840096
"SERPINE1","ME_turquoise",1,0.703847496435318
"SGK1","ME_turquoise",1,0.582421292346916
"SLC1A7","ME_turquoise",1,0.126978901963816
"SLC49A3","ME_turquoise",1,1.52806635426072
"SOCS3","ME_turquoise",1,2.00846367952018
"SPINT1","ME_turquoise",1,0.815989395406786
"SPP1","ME_turquoise",1,0.153222751393387
"SPSB1","ME_turquoise",1,1.04138771950299
"SRGN","ME_turquoise",1,0.348840646728282
"ST14","ME_turquoise",1,0.77444965672711
"STMN2","ME_turquoise",1,0.265840839393463
"SULT1C2","ME_black",7,0.00723957207822541
"SUSD2","ME_turquoise",1,1.7766439122867
"TELO2","ME_turquoise",1,3.92433597273295
"THBS1","ME_turquoise",1,2.21401555080049
"THY1","ME_turquoise",1,0.937762986924493
"TMEM125","ME_pink",8,9.05185466849314e-05
"TMEM150B","ME_turquoise",1,0.277335750242564
"TMEM54","ME_turquoise",1,1.26562224540452
"TNFRSF12A","ME_turquoise",1,3.37290279107982
"TRABD","ME_turquoise",1,6.969554902941
"TREM2","ME_turquoise",1,0.218250656930652
"TSSC4","ME_turquoise",1,5.13229631756762
"TTYH3","ME_turquoise",1,2.9266021261184
"UBTD1","ME_turquoise",1,2.4715333333312
"ZFP36","ME_turquoise",1,3.11887241094206
