"gene","baseMean","log2FoldChange","lfcSE","pvalue","padj","lfc_shrunk","significant"
"ABCA4",23.6323654236428,1.77728191126316,0.495588366292184,0.000335524105075841,0.01406651666052,1.44040999174242,TRUE
"ABCA7",101.806259350174,1.18944102409371,0.346167575742207,0.00059031284844797,0.020032154519722,0.942504739426694,TRUE
"ABCC4",132.47130069395,1.09186367727281,0.27280023537101,6.26953842050454e-05,0.00459977358691591,0.937290460006562,TRUE
"ACKR3",36.5079493526104,2.34548169501177,0.501040837507601,2.85174628338225e-06,0.000479200318198674,2.11060099944453,TRUE
"ACOT11",31.7134534128634,1.15482983072686,0.383334823198974,0.00259030450542284,0.04981700868596,0.801143850357805,TRUE
"AEBP1",405.860193017684,1.02106587155327,0.258628028442125,7.8803731305331e-05,0.00545356378047477,0.873091452755905,TRUE
"AEN",193.157430009304,1.0414585801467,0.298382842247851,0.000482400266511518,0.0173226722362457,0.839103770862841,TRUE
"ANKHD1-EIF4EBP3",133.389096656388,1.16645169830256,0.241665370045029,1.3879825350726e-06,0.000311604240446734,1.05868756486247,TRUE
"ANKRD18A",18.9756230837145,2.70793066762345,0.592069623054213,4.79256045421839e-06,0.00068200395516064,2.42130464252728,TRUE
"BICD1",33.0360810214202,1.45159745170479,0.434452902521557,0.00083414749398809,0.0255675475212838,1.12234710632897,TRUE
"BUB1B",18.6359166416266,1.86627451877704,0.613825299166404,0.00236264034079749,0.0469566256781265,1.29213687580795,TRUE
"CA14",266.830974173186,-1.15261277807362,0.223378259652646,2.47062309597717e-07,8.31153764946662e-05,-1.05987703003288,TRUE
"CALML3",78.960605989319,2.59068534998627,0.788078740945166,0.00101137466585692,0.0291229452320763,1.96295598124955,TRUE
"CCDC152",60.9241549104761,-1.97460694717871,0.466101723491404,2.27102494328994e-05,0.00210523144553659,-1.72132257866737,TRUE
"CCDC196",39.7081780824189,-1.12604649790211,0.369805801278382,0.00232705765121084,0.0466527706150452,-0.785307137103619,TRUE
"CCDC9B",54.7193817447391,1.15562008023835,0.35191393600495,0.00102412312311082,0.0294286046605575,0.884801616071297,TRUE
"CD28",37.3897777904851,1.03636804767711,0.330606892777971,0.00172004011468979,0.0396921488392714,0.760974383552377,TRUE
"CDH15",36.4294707313313,3.38793258991285,0.710835846668123,1.87802654030977e-06,0.00038646808462598,3.06166494871183,TRUE
"CDHR2",1713.20487974089,1.901386771974,0.376198685357125,4.32178201993342e-07,0.000132467420890982,1.74426160598978,TRUE
"CDKN1A",619.768212906356,1.24088259825788,0.37813295682937,0.00103218477121411,0.0295371878617349,0.949047763705975,TRUE
"CFAP90",14.5457612478855,-1.57792007956014,0.513365359318115,0.00211437139606041,0.0442542104186059,-0.0711376865503312,TRUE
"CFTR",98.1835011041253,1.31287331726302,0.40971161149189,0.00135351837489378,0.0343181598252021,0.981273081850263,TRUE
"CLGN",96.658966354788,2.2196546880128,0.472360188885756,2.61345904457965e-06,0.000456296716479583,1.99940645865874,TRUE
"COL10A1",10.9807280807364,2.87175242609785,0.939919062138567,0.00224821371487326,0.0457543643506246,1.9857190178894,TRUE
"COL1A1",775.758295703545,1.16190485266521,0.283416552488052,4.1379949511378e-05,0.00329915400930888,1.00703737939041,TRUE
"COL4A4",151.652420305604,1.03236446522714,0.233181994867055,9.54241133671358e-06,0.00112386955484771,0.917382440663179,TRUE
"COL4A5",100.341921664277,2.03926737247175,0.360134800444433,1.49173560670865e-08,9.64690852098128e-06,1.90414996167198,TRUE
"COL5A3",409.422358922195,2.94095115165252,0.445879191456111,4.22833380014883e-11,1.45803520263632e-07,2.80065882390642,TRUE
"CTSG",13.5219308169406,2.42909774487127,0.682709079481063,0.00037365006549453,0.0149384213141045,1.95754505050504,TRUE
"CXCL10",155.685562691686,1.02530958490061,0.323709438029585,0.00153821163280351,0.0370918759637392,0.76140326404022,TRUE
"CXCL9",147.614547487936,1.29818618955385,0.354731257244763,0.000252576796025959,0.0116905763341814,1.06867596125809,TRUE
"CYB5R2",57.1102147533587,1.44086379842715,0.286945445014699,5.12999868880352e-07,0.000147412649822223,1.31790697994003,TRUE
"CYP4F22",158.537104102861,1.0832293406611,0.287018389316903,0.000160601516574889,0.00900478340698146,0.905836678599231,TRUE
"DEFB132",11.0603933577664,2.78657445393238,0.658204505799042,2.29980068461711e-05,0.00211474338952826,2.43540912715134,TRUE
"DGKI",6.31681778293642,1.80435653728954,0.548541135090648,0.00100410769553272,0.0291229452320763,1.63485138255564,TRUE
"DISP2",31.7823593680025,-2.52968412117848,0.790658114428934,0.0013768220449879,0.0346542088805075,-0.0364041534756679,TRUE
"DLGAP2",21.7440904090574,1.72299596615822,0.529062087595438,0.00112715893836559,0.0307189649139458,1.29896176589941,TRUE
"DMTN",267.671039055372,1.16149218617955,0.248223333925731,2.87964942729416e-06,0.000479200318198674,1.04692069915368,TRUE
"DNAH7",15.9283995139348,2.2649827770572,0.744370996244935,0.00234376850211861,0.0468122566209875,1.55908609350143,TRUE
"DTNA",47.3053797261513,2.64655925271389,0.559133871519208,2.20877397318034e-06,0.000419630389790055,2.3878836816551,TRUE
"E2F1",20.024129718911,1.68783335189121,0.483145143504728,0.000476859413303706,0.0172181201248639,1.3482244665708,TRUE
"EDAR",41.1028650459473,1.63668958792798,0.49568281152426,0.000960360906411437,0.0282436204309871,1.25192655494584,TRUE
"EFCAB12",24.748694730751,-1.5217186458512,0.461463969121104,0.000975186601492547,0.0286186144561419,-0.0958340739301998,TRUE
"ELAPOR2",53.5707187025464,1.10368415101185,0.341660268607701,0.00123636353825962,0.0320093539146612,0.833431426955897,TRUE
"ELN",405.980227880089,-1.35833318158549,0.311015392902554,1.2572590502355e-05,0.00130386271277431,-1.19695185942686,TRUE
"EPHB3",56.8600561171849,1.01002663701437,0.295624969710527,0.00063412809956767,0.0209748893940932,0.799782167566454,TRUE
"EPPK1",127.296825280658,1.63195147757726,0.52070581261688,0.00172373760971195,0.0396921488392714,1.18429376782636,TRUE
"F13A1",70.4585444528565,1.15287743086311,0.376661496320395,0.00220762302561324,0.0452447910732295,0.8191566930102,TRUE
"FABP4",38.8111821170938,2.94706867863936,0.644057977134632,4.74445171228375e-06,0.00068200395516064,2.63524482738539,TRUE
"FABP5",26.0879426373642,1.8944291962536,0.537511539389385,0.000424372873752675,0.0159577143447054,1.52141524263007,TRUE
"FANCD2",48.1213772418455,1.75254588921641,0.370344249750761,2.22091049479257e-06,0.000419630389790055,1.58065888228345,TRUE
"FAT1",1652.81383663593,1.24005385200584,0.253218237722579,9.72245826313011e-07,0.000235266433023427,1.13161584555134,TRUE
"FOS",110.499087437482,1.55142481357424,0.431321693918384,0.000322021275346369,0.0137467669483421,1.26330031880258,TRUE
"GALNT16",81.4774246084209,1.05473651510453,0.305668511646003,0.00055936394647315,0.01946135518146,0.840782398387666,TRUE
"GCK",294.430314612611,2.0332281235883,0.443629611678065,4.57988314565855e-06,0.00068200395516064,1.82182410016709,TRUE
"GDPD5",148.214793126346,1.05359752046547,0.224940327047245,2.81470283344361e-06,0.000479200318198674,0.949897561293347,TRUE
"GINS2",45.7312695287138,1.19371240968204,0.377583210620932,0.0015698295719592,0.0375914223715855,0.879895955304979,TRUE
"GPR174",39.1451310595889,1.04870077131372,0.299696420965768,0.000466638565254332,0.0169377519225079,0.84219981060019,TRUE
"GRIA3",52.8959635822288,1.06649890275112,0.318107990302841,0.000800471743169278,0.0250360697359044,0.831611290148281,TRUE
"H3-7",18.8550136127373,1.36913706749631,0.414536257905832,0.000957191049325896,0.0282436204309871,1.04903971707782,TRUE
"HDC",13.3863890820458,2.00384135780196,0.556143584620727,0.000314443597240815,0.0134693184370887,1.62781199453112,TRUE
"IGFBP1",656.846880122293,-4.04143182507385,0.717219097882939,1.75196894959805e-08,1.05064816181765e-05,-0.0596152230197588,TRUE
"IGFBP2",2846.04426199032,-1.65790621233374,0.535578258187333,0.00196452039455899,0.0424722727209171,-1.15825293418001,TRUE
"IGSF1",38.9760308808811,1.43624804312396,0.342135007759157,2.69403295677463e-05,0.00238197413928157,1.25283889667168,TRUE
"IL1RAPL2",91.5362038955609,-1.11517436396316,0.264015797400112,2.4011854734565e-05,0.00216467655133239,-0.97468770070825,TRUE
"IL32",1163.92928634188,1.59419382613251,0.455157126927476,0.000460891018213492,0.0168388603668086,1.28216878050069,TRUE
"ISM1",139.879884934024,1.45750927820675,0.312017666898282,2.99387482187749e-06,0.000491601374025669,1.31268653260713,TRUE
"ITGA11",62.1247942431563,1.52098478527191,0.42411661190903,0.00033547771744671,0.01406651666052,1.23667951833864,TRUE
"ITGA3",72.04099822246,1.22778476512962,0.35675549519007,0.000578434171863328,0.0197483726052249,0.973222258227252,TRUE
"KCNB1",193.177667178794,1.72566144903977,0.539701386821354,0.00138654458276756,0.0347720171456599,1.27855111723289,TRUE
"KCNJ5",21.8901008145794,1.78361811795757,0.359286053573433,6.89350976252247e-07,0.000179400339914099,1.62729199862509,TRUE
"KDELR3",116.116384429766,1.2349199308896,0.277436087129778,8.5396897492291e-06,0.00104237115673555,1.0974953196455,TRUE
"KL",37.1957440381587,-1.95666467739305,0.577840961441503,0.000708768264393573,0.0228412165205153,-0.0628642286555247,TRUE
"KRTCAP3",106.638948818514,-1.22421166204215,0.217910032174562,1.93215890300121e-08,1.11042782287899e-05,-1.14191539081523,TRUE
"LAMA5",507.734206822277,1.24000433660169,0.291014987405256,2.035471727546e-05,0.00194967094014181,1.08823751060753,TRUE
"LEFTY1",23.79142739948,1.80232667082842,0.475641777881593,0.000151101430115075,0.00874174186211111,1.50755409859943,TRUE
"LGALS4",1327.90138771161,2.28830897411712,0.517689071698675,9.85921961404865e-06,0.00112386955484771,2.02828872551689,TRUE
"LHX6",16.4097169746776,1.60618898788963,0.455701636976008,0.000424041911131277,0.0159577143447054,1.29021014722638,TRUE
"LIF",10.3730655892584,1.78040808146826,0.511232995090694,0.000496613065033229,0.0176997002739104,1.41755287568645,TRUE
"LRRC31",168.972809948148,1.29032247386325,0.299910325910109,1.6898772492134e-05,0.0016648912070286,1.13669991094939,TRUE
"LRRC37A3",86.1667904257074,-1.60119958396095,0.385538270555926,3.27924732655096e-05,0.00277488701687837,-1.38762323061752,TRUE
"LTBP2",151.617530728166,1.29964888465619,0.287362313576271,6.10604194155885e-06,0.000833867688118032,1.16047791596201,TRUE
"MACROH2A2",95.0214984940117,1.03546467513077,0.32901177229129,0.00164844179121525,0.0387447177747193,0.76537686940367,TRUE
"MAMDC4",1180.41584370152,1.36124598332927,0.364104108412846,0.000185035022722543,0.0100085806604394,1.1392171218671,TRUE
"MEP1B",198.240031951296,1.626319050533,0.455746560983048,0.000359068590881389,0.0145238506569707,1.31764213678777,TRUE
"METTL27",26.8565156705873,-1.38109185795995,0.38172196728834,0.000296822967375719,0.0130758382174705,-1.12301362738124,TRUE
"MGAM",22.6401729419985,1.71852512081699,0.52650319164609,0.00109837392999111,0.0303604641610569,1.29826897962818,TRUE
"MKI67",73.8240318305337,1.36045955102064,0.415409846426171,0.00105668903142856,0.0297247773743345,1.03555958250105,TRUE
"MMP19",28.3706115837871,1.2450760941055,0.38428447749163,0.00119535822599261,0.0315019900950836,0.941779615190434,TRUE
"MMP9",13.0240497934936,2.22573380623492,0.603445043862391,0.0002256876333116,0.0110578488377192,1.83361374422702,TRUE
"MT1B",4.84113347495989,2.52243191100362,0.820413754974862,0.00210795570400002,0.0441869802815689,-0.00630157474645262,TRUE
"MYOM1",351.646528275917,-1.16184978070064,0.385280693850345,0.00256477234421719,0.0496852597525107,-0.795724304120197,TRUE
"NALCN",29.1908374945464,1.99702562438143,0.628810796225624,0.00149384374458253,0.0366888429784995,1.46476925754596,TRUE
"NAV3",63.070776003449,1.1976013594339,0.394782471705532,0.0024167641008432,0.0477570590872926,0.839748807882212,TRUE
"NBPF20",72.0888937708665,1.05673068536418,0.307035014899824,0.000578013377841485,0.0197483726052249,0.838905780963875,TRUE
"NCAM2",1054.91054573122,1.40002046824249,0.320493264417099,1.25199990750601e-05,0.00130386271277431,1.23791444281868,TRUE
"NEB",101.113941600514,1.8089340225446,0.383318366604368,2.36840790656752e-06,0.000434084205728761,1.63056769842153,TRUE
"NOL3",78.4383171858357,1.1526837149881,0.36732701969141,0.00170086666085315,0.0394286619380629,0.844879842427985,TRUE
"NPIPA7",11.6776441348244,3.01303586976044,0.89534463250773,0.00076481347812316,0.0242507409281672,2.32691701245509,TRUE
"NPM2",14.9223323820769,1.56962907386466,0.459257607350615,0.000631403754841952,0.0209609658632881,1.23543377396759,TRUE
"NPNT",71.9530628510925,1.83827949016863,0.41921929970458,1.15982142245308e-05,0.0012401098356508,1.62457057020824,TRUE
"OAT",6086.31966601704,-1.12276055256767,0.311461233142559,0.000312373714149774,0.0134223384400867,-0.91334555361297,TRUE
"OLFM2",551.057779438179,1.80233124382192,0.407097494421091,9.54324633999403e-06,0.00112386955484771,1.59889020158854,TRUE
"P4HA1",1332.04230235983,-1.75255577849547,0.408265827928029,1.76526951393513e-05,0.00171467340885263,-1.53326985214783,TRUE
"PAQR4",36.1178916207394,1.05634169889184,0.322182850712812,0.0010428553478973,0.0296579460073143,0.810140845867608,TRUE
"PCLO",17.6207014304745,2.08807972320263,0.626194958355668,0.000854368888706866,0.0257862365031374,1.6064049608619,TRUE
"PDE11A",648.807052882819,1.66639545365864,0.263620044672668,2.5953712551865e-10,5.96632595379791e-07,1.58237356097216,TRUE
"PDGFA",47.8846840611693,1.20848694516837,0.341951644121556,0.000409185981354206,0.0158092499742817,0.97678688244729,TRUE
"PEG10",520.435058553888,1.73371909922887,0.484398461696544,0.000344756205796314,0.0142856349828222,1.41042566597541,TRUE
"PGAP4",51.0966826145802,1.44073017070413,0.321639155196075,7.48752392312025e-06,0.000945696615939062,1.28269511612917,TRUE
"PGBD1",45.3583422197503,1.05861454969476,0.28593154709386,0.000213623773123644,0.0109535788204254,0.877212929163639,TRUE
"PHLDA3",36.4810103688176,1.84171646630464,0.506586763743307,0.000277398895411044,0.0124226070272874,1.50711554177962,TRUE
"PLIN1",1119.84438269612,1.75773203002786,0.250439478744614,2.24118316875106e-12,3.09126394465834e-08,1.68065302165049,TRUE
"POLQ",15.3373464749972,2.20174400332279,0.704243738021925,0.00176963769125014,0.040211882496562,1.57910224346758,TRUE
"PPP1R3G",116.14623140706,-1.36470945186452,0.30871361622317,9.84124095182047e-06,0.00112386955484771,-1.20771936365542,TRUE
"PRKCE",530.459005823354,1.68666436607331,0.247022462274261,8.61187485592205e-12,5.93917949438664e-08,1.61208349020036,TRUE
"PTK6",75.7962335586729,1.38682559569986,0.332078689588743,2.96424824429173e-05,0.00255536725209474,1.20828990612533,TRUE
"RASEF",40.0792614210147,1.90728507174411,0.54221318673596,0.000435480445149075,0.0161467252148957,1.52844444378874,TRUE
"RASL10B",76.139898712576,-1.89555793790144,0.359460109481558,1.3395783900777e-07,5.43435433362991e-05,-1.74751399831516,TRUE
"RDH12",29.4161372862918,-1.4314157510459,0.453002838160112,0.00157856681525658,0.0375986981707641,-1.03883327428147,TRUE
"RPS6KL1",32.0295051098253,1.63511685570651,0.524309334139763,0.00181705685711035,0.0407523011871919,1.17750505900072,TRUE
"RTL9",29.123853658831,1.68087688780853,0.433860544649331,0.000106960991256084,0.00679659349509896,1.41954814186622,TRUE
"SCN11A",26.8550711918599,-1.66552979726714,0.465888191793538,0.000350286770044116,0.0142856349828222,-0.111761027565551,TRUE
"SDCBP2",76.6006940398725,1.26176929429257,0.35693288921625,0.000407725307708973,0.0158092499742817,1.01830312686112,TRUE
"SEC14L3",113.722090160839,1.3692175094333,0.303890517664588,6.61770520390365e-06,0.000869314360737553,1.21971053811352,TRUE
"SERPINE1",517.940983969223,1.8274692183846,0.497106482630682,0.000236722073607702,0.0112979500390001,1.50823814936129,TRUE
"SGIP1",12.0901790090257,1.38753856267781,0.413358653335411,0.000788665237412079,0.0247228627718746,1.07731091074715,TRUE
"SHBG",502.714615419269,-1.3226096833783,0.349372350954931,0.000153292778665286,0.00880986373387619,-1.1023230532183,TRUE
"SLC16A1",2043.72597881611,-1.05323482550249,0.334062932510408,0.00161710550811486,0.0382670658310664,-0.768972121525011,TRUE
"SLC16A13",198.31209987511,1.01616153953563,0.257842110667896,8.11350407604284e-05,0.00555213458117863,0.868204880294326,TRUE
"SLC25A21",12.0745634822557,-1.50033111737866,0.469897986628784,0.00140858113630843,0.0350696021897152,-0.0332250596457247,TRUE
"SLC2A5",11.6703640324239,3.06268597199224,0.856601717105387,0.000349705007803109,0.0142856349828222,2.476272178961,TRUE
"SLC5A12",55.0274840413291,2.69127933822078,0.742592485449023,0.000289894017168149,0.0128569394816729,2.19391216024427,TRUE
"SLITRK3",129.422884821516,-1.12836722849659,0.344312533084653,0.00104856966848762,0.0296979906313136,-0.856501194795897,TRUE
"SMPD3",67.933472917121,1.06118075613594,0.342809927085063,0.00196456970897884,0.0424722727209171,0.767183017728882,TRUE
"SOCS2",256.334498786981,-1.30768876229953,0.331858505092725,8.13116207785169e-05,0.00555213458117863,-1.11090686174178,TRUE
"SPTBN5",73.5011075095537,3.18683277222807,0.695844349199307,4.65405348644559e-06,0.00068200395516064,2.85150920029524,TRUE
"SYT7",2464.5023870407,1.1049248394878,0.251820210183545,1.14527823616211e-05,0.0012401098356508,0.985611419417205,TRUE
"TAFA5",40.2851852569326,-1.88341018868076,0.599037166391353,0.00166619946423507,0.0389523545935496,-0.054555426196152,TRUE
"TAS2R14",38.3181060961217,-1.22275057881855,0.396423441407529,0.00203924916054433,0.0434064254188085,-0.118757314574471,TRUE
"TBX15",386.210092425626,1.0577000019252,0.278688906571676,0.000147482106884246,0.00858320970571479,0.892469025931961,TRUE
"TCAP",16.3804218185458,1.64923174936178,0.502821242119108,0.00103823131505561,0.0295874473730622,3.10927525387797,TRUE
"TDRD10",13.8013756808445,-1.06323263333896,0.349595754578832,0.00235543188947893,0.0469486590340793,-0.748617217321134,TRUE
"TMEM154",164.769035711301,1.81759048731737,0.411638111925027,1.00774058875287e-05,0.00113006227159905,1.61096582742083,TRUE
"TMPRSS3",11.7175203925499,1.61615780954296,0.4845952302359,0.000852786920843827,0.0257862365031374,1.24810222880865,TRUE
"TMPRSS9",155.876533352495,2.51836094088009,0.535377046674274,2.55236310306356e-06,0.00045134287539174,2.26883146830675,TRUE
"TNR",17.4550833760476,-3.05614888122875,0.722497373155609,2.33712890790781e-05,0.00213483569713725,-0.0556023454885226,TRUE
"TOP2A",65.9845838553011,1.08480341674729,0.346951263661322,0.00176795986556145,0.040211882496562,0.79301625297653,TRUE
"TP53I3",142.745098441194,1.97367917362997,0.324478251660306,1.18231454406899e-09,1.48251495512214e-06,1.86159942820566,TRUE
"TP63",14.493686105422,2.06860908924444,0.509419645271175,4.89222117215229e-05,0.00376974338701098,1.78124544801278,TRUE
"TREM2",20.9944469808654,3.30020037400934,0.786152383256698,2.69384466348935e-05,0.00238197413928157,2.87422439746129,TRUE
"TRIM31",12.9848170119148,3.83152307349096,1.02979771163401,0.000198705923007684,0.0104608809009351,4.49624111714558,TRUE
"TRIM36",23.1840722636081,1.21020700752796,0.396851849760039,0.0022920861209175,0.0461529107530147,0.853182355964637,TRUE
"TSPAN3",1387.23244158772,1.01261698587407,0.191015010936516,1.1501688719808e-07,4.86571784515738e-05,0.935826833624677,TRUE
"TSPAN5",47.9004128113155,-2.04862878395152,0.428665800804939,1.76097836308299e-06,0.000368017796393996,-1.84835938911929,TRUE
"TTF2",132.862845497082,1.1025574592758,0.323446396207824,0.000652541898518066,0.021480931757183,0.873054363491498,TRUE
"TYMS",29.6552487412882,2.40364348602154,0.462322744099038,2.00299334006042e-07,7.27033872090878e-05,2.21516430097318,TRUE
"UBXN10",399.174932107453,-1.03677828753382,0.321047828289943,0.00124068592619466,0.0320093539146612,-0.778779990316362,TRUE
"UGT1A3",1551.06503837528,-1.16835369056048,0.359973606188994,0.00117176688607774,0.031081116653212,-0.877140560783479,TRUE
"UGT2B11",29.2958883149071,1.11173201440767,0.348133574274355,0.00140604869270822,0.0350696021897152,0.829729571734251,TRUE
"UGT3A2",13.5786802312007,1.91861063777712,0.560309950862561,0.000616623148617744,0.0205436789586583,1.50741487485662,TRUE
"WDR17",27.610784312579,1.84144887391745,0.548321717749049,0.000784130753348657,0.0246929577190366,1.42498496316165,TRUE
"XK",53.7546045272928,1.25471581467358,0.328452667143506,0.000133407820022394,0.0080353452470257,1.05523011685657,TRUE
"ZBP1",11.4901127318221,1.7130426606523,0.533535640284773,0.00132395010067842,0.0338171180345507,1.27428749251226,TRUE
"ZMAT3",495.054039394498,1.02834004569722,0.241756331460573,2.10340271863711e-05,0.00198713929439463,0.903277045358492,TRUE
"ZNF28",158.541663915109,1.28153186150753,0.261359623708008,9.42266333563636e-07,0.000235266433023427,1.16682064073605,TRUE
