"module","module_size","n_sig","jaccard"
"blue",310,37,0.22289156626506
"green",183,33,0.198795180722892
"magenta",129,11,0.0662650602409639
"lightyellow",56,10,0.0602409638554217
"turquoise",334,8,0.0481927710843374
"yellow",231,8,0.0481927710843374
"pink",134,7,0.0421686746987952
"brown",256,6,0.036144578313253
"grey60",70,5,0.0301204819277108
"darkgreen",43,3,0.0180722891566265
"darkred",48,3,0.0180722891566265
"red",155,3,0.0180722891566265
"royalblue",50,3,0.0180722891566265
"salmon",83,2,0.0120481927710843
"grey",149,1,0.00602409638554217
"purple",119,1,0.00602409638554217
"black",147,0,0
"cyan",79,0,0
"greenyellow",102,0,0
"lightcyan",76,0,0
"lightgreen",68,0,0
"midnightblue",78,0,0
"tan",100,0,0
