"metabolite","logFC","AveExpr","P.Value","adj.P.Val","significant"
"Tyrosine",0.465503347779905,6.33968510615024,0.0902902004026225,0.774491264110706,FALSE
"Formate",1.51105606976795,5.01477145555231,0.202232281321624,0.774491264110706,FALSE
"L-alanine",0.357065619808371,8.17113648431327,0.207395485776394,0.774491264110706,FALSE
"Glutamine",0.893254911853189,9.10472695346638,0.213945497520304,0.774491264110706,FALSE
"Lactate",0.425599018048889,9.41175126233099,0.275107478137462,0.774491264110706,FALSE
"L-histidine",0.20702882913662,5.90146608010865,0.346050883895481,0.774491264110706,FALSE
"Ethanol",-3.96199424917531,6.98466838447543,0.385282944432101,0.774491264110706,FALSE
"Propanol",3.47647345306614,5.28586774238253,0.398249511513772,0.774491264110706,FALSE
"Leucine",0.422846100968688,7.96899402198022,0.483063964623009,0.774491264110706,FALSE
"Valine",0.164376116342924,9.01215830574849,0.58009473383168,0.774491264110706,FALSE
"Creatine",0.206343813898417,7.66259257885579,0.602117068266803,0.774491264110706,FALSE
"Creatinine",0.206343813898417,7.66259257885579,0.602117068266803,0.774491264110706,FALSE
"Acetate",-0.621221790295591,9.62480273653827,0.63380458142251,0.774491264110706,FALSE
"3-hydroxybutyrate",0.936992353150005,2.69528483334658,0.677679856096868,0.774491264110706,FALSE
"Glucose",-0.0296364922870599,10.7926541574455,0.92492603648761,0.986587772253451,FALSE
"Phenylalanine",-0.00514493635640843,5.667560538833,0.990520407791262,0.990520407791262,FALSE
