"sample_id","quant_file","disease","timing","age","sex"
"44theganf","44theganf_quant.sf","cirrhosis of liver","fasting",75,"female"
"48itwinyf","48itwinyf_quant.sf","cirrhosis of liver","postprandial",71,"female"
"50tewihem","50tewihem_quant.sf","cirrhosis of liver","fasting",70,"male"
"52wndcegm","52wndcegm_quant.sf","cirrhosis of liver","postprandial",66,"male"
"53wenuof","53wenunof_quant.sf","cirrhosis of liver","fasting",66,"female"
"58latelnf","58latelnf_quant.sf","cirrhosis of liver","postprandial",62,"female"
"59lfofobf","59lfofobf_quant.sf","cirrhosis of liver","fasting",59,"female"
"61izemiam","61izemiam_quant.sf","cirrhosis of liver","fasting",57,"male"
"73dmananm","73dmananm_quant.sf","cirrhosis of liver","postprandial",46,"male"
"76anichem","76anichem_quant.sf","cirrhosis of liver","postprandial",42,"male"
"59antofrm","59antofrm_quant.sf","excluded","fasting",61,"male"
"94thttecm","94thttecm_quant.sf","excluded","postprandial",26,"male"
"40mayoicf","40mayoicf_quant.sf","non-alcoholic fatty liver disease","postprandial",79,"female"
"58proussm","58proussm_quant.sf","non-alcoholic fatty liver disease","postprandial",61,"male"
"65sbysddf","65sbysddf_quant.sf","non-alcoholic fatty liver disease","fasting",54,"female"
"70ckatiam","70ckatiam_quant.sf","non-alcoholic fatty liver disease","fasting",49,"male"
"77rthragf","77rthragf_quant.sf","non-alcoholic fatty liver disease","postprandial",42,"female"
"78timacef","78timacef_quant.sf","non-alcoholic fatty liver disease","postprandial",40,"female"
"85cestwam","85cestwam_quant.sf","non-alcoholic fatty liver disease","fasting",35,"male"
"92torlymm","92torlymm_quant.sf","non-alcoholic fatty liver disease","postprandial",26,"male"
"98enevesf","98enevesf_quant.sf","non-alcoholic fatty liver disease","postprandial",20,"female"
"90ongwsef","90ongwsef_quant.sf","normal","postprandial",28,"female"
"91llacolm","91llacolm_quant.sf","normal","postprandial",28,"male"
"91recthwm","91recthwm_quant.sf","normal","fasting",27,"male"
"92treeseom","92trrseom_quant.sf","normal","postprandial",28,"male"
"93breninf","93breninf_quant.sf","normal","fasting",26,"female"
"94stanthm","94stanthm_quant.sf","normal","postprandial",24,"male"
"95verintm","95verintm_quant.sf","normal","fasting",23,"male"
"96cailonf","96cailonf_quant.sf","normal","fasting",22,"female"
"96irrynsf","96irrynsf_quant.sf","normal","postprandial",23,"female"
"98itblanf","98itblanf_quant.sf","normal","fasting",20,"female"
