"module","gene","kWithin"
"blue","EFEMP1",236.736729602601
"blue","C1orf198",235.876797396167
"blue","S100A6",231.79784582001
"blue","MOXD1",231.629713499409
"blue","VIM",231.30394702039
"brown","CFAP54",94.1968234130715
"brown","NEDD4",94.1259307168155
"brown","ASTN2",94.0357817861501
"brown","MORC4",93.5858644727548
"brown","BLOC1S6",93.5666266220267
"green","MT-ND2",29.9175770193789
"green","MT-ND5",29.2644070363641
"green","MT-CYB",29.0037037293841
"green","SRRM2",28.3560982822906
"green","MT-ND4L",28.3122864446916
"red","ZFP36",35.4229852562604
"red","CSRNP1",34.9719700629925
"red","ETS2",34.7305758094525
"red","CEBPD",33.7852541249229
"red","SLC38A2",33.2513185839505
"turquoise","MCRIP2",745.51710176118
"turquoise","LMF2",742.747458583772
"turquoise","ATP5F1D",741.553153666944
"turquoise","SELENOO",740.011270588528
"turquoise","HPN",738.729297266826
"yellow","MPEG1",91.4284932418857
"yellow","LAPTM5",91.2861057401009
"yellow","VSIG4",90.5267290127479
"yellow","HLA-DPA1",89.0591309270113
"yellow","TYROBP",88.4793618203335
