"module_a","module_b","size_a","size_b","overlap","jaccard"
"yellow","yellow",160,259,97,0.301242236024845
"blue","green",607,195,135,0.2023988005997
"turquoise","brown",1360,367,229,0.152870493991989
"turquoise","turquoise",1360,1139,222,0.0974967061923584
"turquoise","blue",1360,489,101,0.0577803203661327
"blue","turquoise",607,1139,67,0.0399047051816557
"blue","brown",607,367,23,0.0241850683491062
"blue","blue",607,489,24,0.0223880597014925
"blue","yellow",607,259,18,0.0212264150943396
"brown","blue",256,489,14,0.0191518467852257
"yellow","blue",160,489,11,0.0172413793103448
"green","blue",92,489,9,0.0157342657342657
"red","turquoise",67,1139,18,0.0151515151515152
"brown","turquoise",256,1139,20,0.0145454545454545
"red","red",67,82,2,0.0136054421768707
"turquoise","yellow",1360,259,21,0.0131414267834793
"brown","yellow",256,259,6,0.0117878192534381
"green","turquoise",92,1139,14,0.0115036976170912
"red","brown",67,367,4,0.00930232558139535
"red","blue",67,489,5,0.00907441016333938
"brown","green",256,195,4,0.00894854586129754
"turquoise","black",1360,64,11,0.00778485491861288
"yellow","brown",160,367,4,0.00764818355640535
"brown","black",256,64,2,0.00628930817610063
"blue","black",607,64,4,0.00599700149925037
"brown","red",256,82,2,0.00595238095238095
"blue","red",607,82,4,0.00583941605839416
"turquoise","green",1360,195,9,0.00582147477360931
"green","red",92,82,1,0.00578034682080925
"turquoise","red",1360,82,8,0.00557880055788006
"yellow","black",160,64,1,0.00448430493273543
"yellow","red",160,82,1,0.004149377593361
"yellow","turquoise",160,1139,4,0.00308880308880309
"red","yellow",67,259,1,0.00307692307692308
"green","yellow",92,259,1,0.00285714285714286
"brown","brown",256,367,1,0.00160771704180064
"green","black",92,64,0,0
"red","black",67,64,0,0
"green","brown",92,367,0,0
"green","green",92,195,0,0
"red","green",67,195,0,0
"yellow","green",160,195,0,0
