"cohort","gene","log2FC","padj","significant"
"GSE162694","CD68",0.73,0.0104,FALSE
"GSE162694","FABP4",2.17,1.78e-09,TRUE
"GSE162694","FASN",1.36,1.37e-06,TRUE
"GSE162694","GPNMB",1.19,2.22e-09,TRUE
"GSE162694","PNPLA3",0.04,0.797,FALSE
"GSE162694","SPP1",1.87,1.09e-07,TRUE
"GSE162694","TREM2",2.48,5.08e-13,TRUE
"GSE135251","FABP4",1.06,0.0506,FALSE
"GSE135251","FASN",2.56,1.8e-13,TRUE
"GSE135251","GPNMB",0.91,0.00606,FALSE
"GSE135251","PNPLA3",1.22,5.27e-08,TRUE
"GSE135251","SPP1",1.41,0.00277,TRUE
"GSE135251","TREM2",2.52,2.24e-07,TRUE
