"gene","n_cohorts"
"ABCA2",2
"ACHE",2
"ADAMTS1",2
"ADAMTSL2",2
"AMN",2
"ARHGEF16",2
"ATF3",2
"B3GNT8",2
"BBC3",2
"BTBD2",2
"C11orf96",2
"C1QC",2
"CAPG",2
"CCL2",2
"CCL24",2
"CCN1",2
"CCN2",2
"CCND1",2
"CD69",2
"CDHR2",2
"CDKN1A",2
"CHI3L1",2
"CHLSN",2
"CHTF18",2
"CLDN3",2
"CLEC11A",2
"COL16A1",2
"COL1A1",2
"COL6A2",2
"CORO1B",2
"CSNK1G2",2
"CSRNP1",2
"CTSD",2
"CTSG",2
"CXCR4",2
"DAGLA",2
"DCDC2",2
"DERL3",2
"DTNA",2
"DUS3L",2
"DUSP1",2
"DUSP2",2
"DUSP8",2
"E2F1",2
"E4F1",2
"EDA2R",2
"EGR2",2
"ELFN2",2
"EMILIN1",2
"FASN",2
"FCN1",2
"FOS",2
"FOSB",2
"FSTL3",2
"GABRB3",2
"GADD45B",2
"GADD45G",2
"GLIS2",2
"GLTPD2",2
"GPC1",2
"HBEGF",2
"HGFAC",2
"ID4",2
"JOSD2",2
"JUN",2
"JUNB",2
"KLF4",2
"KNDC1",2
"KRT23",2
"KRT7",2
"LAMA5",2
"LAMC3",2
"LIME1",2
"LPL",2
"LRP3",2
"LTBP4",2
"MAFF",2
"MAMDC4",2
"MEGF6",2
"MICALL2",2
"MIF",2
"MMP9",2
"MSC",2
"MT1G",2
"MUC6",2
"MYC",2
"NLRP6",2
"NOTUM",2
"NOXA1",2
"NPM2",2
"NR4A1",2
"OPLAH",2
"PAQR4",2
"PCNX3",2
"PDGFA",2
"PDZK1IP1",2
"PGGHG",2
"PHLDA3",2
"PLCH2",2
"PPP1R3G",2
"PRAMEF10",2
"RAB25",2
"RASD1",2
"RECQL4",2
"RGCC",2
"RGS1",2
"RGS16",2
"RPUSD1",2
"RTN4R",2
"S1PR2",2
"SCAND1",2
"SERPINA12",2
"SERPINE1",2
"SGK1",2
"SLC1A7",2
"SLC49A3",2
"SOCS3",2
"SPINT1",2
"SPP1",2
"SPSB1",2
"SRGN",2
"ST14",2
"STMN2",2
"SULT1C2",2
"SUSD2",2
"TELO2",2
"THBS1",2
"THY1",2
"TMEM125",2
"TMEM150B",2
"TMEM54",2
"TNFRSF12A",2
"TRABD",2
"TREM2",2
"TSSC4",2
"TTYH3",2
"UBTD1",2
"ZFP36",2
