"Category","Metabolite","Control_Mean","Control_SD","NAFLD_Mean","NAFLD_SD","log2FC_NAFLD_vs_Control","pvalue","padj","significant"
"Amino acids","Glutamic acid",6.52,2.47,13.7180327868852,6.53551612847629,1.07312973934034,9.33782215042494e-11,7.3768794988357e-09,TRUE
"Organic acids","a-Ketoglutaric acid",1.7,0.56,2.96639344262295,1.57216520843802,0.803175213559313,4.1509333064658e-07,1.63961865605399e-05,TRUE
"Fatty acids","Myristoleic acid",0.13,0.08,0.248032786885246,0.167245524824345,0.932019216512759,3.05253604196126e-05,0.000803834491049799,TRUE
"Fatty acids","Palmitoleic acid",3.26,1.87,6.04393442622951,4.39900245460586,0.890616043586645,8.92744394562839e-05,0.00176317017926161,TRUE
"Organic acids","2-Hydroxybutyric acid",4.54,1.76,6.61016393442623,3.47962641280319,0.541993754012691,0.00047177463917609,0.00745403929898222,TRUE
"Organic acids","3-Hydroxypropionic acid",6.88,3.36,9.85327868852459,4.44911834760981,0.518195297774332,0.00131273768274984,0.0172843794895395,TRUE
"Fatty acids","α-Linolenic acid",1.91,0.85,2.66868852459016,1.25307751211412,0.482558293201687,0.00185208968814553,0.0209021550519281,TRUE
"Amino acids","α-Aminoadipic acid",0.54,0.24,0.764590163934426,0.420224439121492,0.501727233474141,0.00260801215378792,0.0257541200186557,TRUE
"Amino acids","Tyrosine",20.15,9.59,29.5181967213115,18.9477712856681,0.550824750508024,0.00329889407077968,0.0260612631591595,TRUE
"Organic acids","Malic acid",1.25,1.32,2.64114754098361,2.91699994192701,1.07923680135446,0.00314810196447654,0.0260612631591595,TRUE
"Kynurenine pathway metabolites and nucleosides","Kynurenic acid",0.005,0.006,0.00968852459016393,0.00814665776787544,0.954348887727284,0.00453568649587725,0.0325744757431184,TRUE
"Amino acids","Valine",29.17,5.36,33.1829508196721,6.70572885530531,0.185956798539226,0.00502399264716746,0.0330746182605191,TRUE
"Organic acids","Glycolic acid",64.06,9.99,74.8445901639344,26.7250645508276,0.22447424261032,0.00790120014030985,0.0445853436488913,TRUE
"Organic acids","cis-Aconitic acid",0.08,0.04,0.109344262295082,0.0546311526652152,0.450805613621699,0.00760802327565966,0.0445853436488913,TRUE
"Fatty acids","γ-Linolenic acid",1.38,0.96,2.0416393442623,1.3929491260486,0.565059769536217,0.0140581331994813,0.0740395015172683,FALSE
"Organic acids","2-Hydroxyglutaric acid",1.17,0.61,1.69147540983607,1.36416132485076,0.531773674006383,0.0164808212332601,0.0813740548392217,FALSE
"Amino acids","Isoleucine",19.22,4.66,22.1837704918033,6.19777101436057,0.206896259663885,0.0185609888214834,0.086254006876305,FALSE
"Amino acids","Alanine",29.4,8.43,33.9093442622951,7.00114416098123,0.205866730785571,0.0233899987695152,0.0938684627222438,FALSE
"Kynurenine pathway metabolites and nucleosides","Kynurenine",0.43,0.13,0.513770491803279,0.194898810791876,0.256787372207596,0.0231775496487138,0.0938684627222438,FALSE
"Fatty acids","Oleic acid",35.71,13.41,44.4975409836066,21.0305094371437,0.317397478362287,0.0237641677777832,0.0938684627222438,FALSE
"Organic acids","Pyruvic acid",9.48,3.44,11.27,3.77590761716085,0.249528551273962,0.0383503162276378,0.144270237237304,FALSE
"Amino acids","Phenylalanine",5.01,1.43,5.86803278688525,2.42267608212636,0.228066328487991,0.0456137857825501,0.163794958037339,FALSE
"Amino acids","Aspartic acid",18.57,9.5,31.2547540983607,48.6864061317105,0.751101836660421,0.0556032179053349,0.179413858466573,FALSE
"Amino acids","4-Hydroxyproline",30.56,25.42,20.0067213114754,12.1211933847719,-0.611159784687761,0.0567765374894218,0.179413858466573,FALSE
"Organic acids","Isocitric acid",0.28,0.11,0.334918032786885,0.135715670316286,0.258381229112737,0.0552211560896112,0.179413858466573,FALSE
"Fatty acids","Docosanoic acid",0.22,0.05,0.2,0.0174164673034842,-0.137503523749935,0.0616056643531247,0.187186441688341,FALSE
"Amino acids","1-Methylhistidine",0.44,0.21,0.351311475409836,0.174942613541661,-0.324752821523636,0.0701022137614436,0.205113884709409,FALSE
"Amino acids","Glycine",10.8,3.93,9.2244262295082,3.54664748957386,-0.227500230692441,0.0901516463018565,0.254356430637381,FALSE
"Kynurenine pathway metabolites and nucleosides","Xanthurenic acid",0.17,0.05,0.19,0.0467796251944512,0.160464672193246,0.0935474140136573,0.254836058864791,FALSE
"Amino acids","Leucine",17,4,18.6114754098361,4.50993803950992,0.130657682063713,0.10867427917847,0.269946345275246,FALSE
"Amino acids","Proline",25.3,6.85,27.9891803278689,7.19416460174077,0.145731852822465,0.110040206530074,0.269946345275246,FALSE
"Kynurenine pathway metabolites and nucleosides","Pseudouridine",0.92,0.38,1.16081967213115,1.0123410082279,0.335438107447246,0.112762397393457,0.269946345275246,FALSE
"Fatty acids","Nervonic acid",0.4,0.1,0.363114754098361,0.0794678338198661,-0.139574449007868,0.108686689744435,0.269946345275246,FALSE
"Fatty acids","Docosapentaenoic acid (DPA)",1.9,0.66,2.15885245901639,0.733926877285596,0.184265231048396,0.116521116935153,0.270740242290503,FALSE
"Amino acids","Cysteine",0.49,0.5,0.698196721311475,0.710291039402679,0.510851832872243,0.12851086217167,0.290067374616055,FALSE
"Fatty acids","Palmitic acid",46.36,14.6,52.3383606557377,20.6715210438845,0.174988170596462,0.134301400112784,0.294716961358609,FALSE
"Amino acids","Histidine",13.48,4.04,12.047868852459,4.1111849933055,-0.162042525824318,0.144426089765899,0.308369218689351,FALSE
"Organic acids","Oxaloacetic acid",0.75,0.44,0.904098360655738,0.485169650909797,0.269589142419978,0.158892455620286,0.330329052473752,FALSE
"Amino acids","Threonine",78.56,28.72,69.7383606557377,29.6853864261148,-0.171842478667258,0.206675978475854,0.415304534878313,FALSE
"Organic acids","Acetoacetic acid",21.41,21.23,32.7785245901639,62.0112866967529,0.614466122339391,0.210280777153576,0.415304534878313,FALSE
"Amino acids","Creatinine",6.26,2.19,5.58377049180328,2.55397348193909,-0.164923013092765,0.221613403107278,0.420096934798509,FALSE
"Fatty acids","Docosatetraenoic acid",4.79,1.95,5.54524590163934,3.71744966635164,0.211225781559821,0.223342674196676,0.420096934798509,FALSE
"Fatty acids","Erucic acid",0.71,0.47,0.589508196721311,0.310748699270585,-0.268307151553121,0.246277745761781,0.452463765469319,FALSE
"Organic acids","4-Hydroxyphenyllactic acid",0.1,0.06,0.116885245901639,0.0695710903466509,0.225092833993639,0.26377935682026,0.465457879071949,FALSE
"Fatty acids","11-Eicosenic acid",0.44,0.13,0.48,0.189745443511388,0.125530882083859,0.265134234914401,0.465457879071949,FALSE
"Fatty acids","Tetracosanoic acid",0.33,0.06,0.313114754098361,0.0739941660674803,-0.0757745339982285,0.274251721232103,0.470997521246438,FALSE
"Amino acids","Tryptophan",19.66,15.2,24.4118032786885,24.6099996280778,0.312315548005532,0.281484851611569,0.473134112283275,FALSE
"Organic acids","3-Hydroxybutyric acid",6.62,12.72,9.94540983606557,15.7887690647256,0.587199606643575,0.310594951195132,0.500755125396234,FALSE
"Fatty acids","Hexacosanoic acid",0.41,0.35,0.336229508196721,0.0770100412159832,-0.286177565701118,0.306691203279971,0.500755125396234,FALSE
"Amino acids","Pyroglutamic acid",6.09,3.29,6.80262295081967,2.47338695020906,0.15964889889422,0.335705107421177,0.52001379384849,FALSE
"Fatty acids","Linoleic acid",29.52,12.52,32.6211475409836,15.1550420760837,0.144114812416251,0.331993044549629,0.52001379384849,FALSE
"Amino acids","Arginine",14.19,6.28,12.8593442622951,6.1933784180775,-0.142057512335643,0.375200380891775,0.563981346635629,FALSE
"Fatty acids","Eicosanoic acid",0.16,0.05,0.15,0.039665266081716,-0.0931094043914815,0.378367232553017,0.563981346635629,FALSE
"Organic acids","Malonic acid",0.11,0.07,0.0968852459016393,0.047012090062258,-0.183154636022651,0.395625951331804,0.578786113985417,FALSE
"Organic acids","Fumaric acid",1.06,1.33,1.3327868852459,1.52985362169887,0.330381844836305,0.412770630929554,0.592888724426087,FALSE
"Amino acids","Glutamine",174.09,68.05,163.24606557377,65.01431009859,-0.0927851132174339,0.500340368715283,0.693733492582183,FALSE
"Organic acids","Lactic acid",477.42,167.15,507.079836065574,220.497956967042,0.0869539022192008,0.500541887052968,0.693733492582183,FALSE
"Kynurenine pathway metabolites and nucleosides","5,6-Dihydrouridine",0.22,0.15,0.244426229508197,0.219825874956854,0.151895586083259,0.554721312392029,0.755568684120178,FALSE
"Amino acids","Serine",27.58,8.17,26.5380327868852,8.9665651765642,-0.0555610263771495,0.60419248271982,0.809003493811284,FALSE
"Amino acids","Citrulline",6.51,3.92,6.0672131147541,2.98193512736698,-0.101623555540939,0.614718667951976,0.809379579470102,FALSE
"Amino acids","Pipecolic acid",0.25,0.16,0.236229508196721,0.0961884250560019,-0.0817389071628634,0.690694043418184,0.839458914308254,FALSE
"Kynurenine pathway metabolites and nucleosides","Choline",0.97,0.37,1.00622950819672,0.355394916182108,0.0529027507164707,0.67871172763304,0.839458914308254,FALSE
"Kynurenine pathway metabolites and nucleosides","Uridine",1.48,0.66,1.56213114754098,1.00168127790913,0.0779184030830676,0.65685456156995,0.839458914308254,FALSE
"Organic acids","Citric acid",4.83,3.34,4.53,2.62591285714765,-0.0925121387895381,0.69062818022069,0.839458914308254,FALSE
"Fatty acids","Octadecanoic acid",18.41,5.42,17.8608196721312,4.85903018275663,-0.0436913362743866,0.662699243064616,0.839458914308254,FALSE
"Amino acids","α-Aminobutyric acid",2.27,0.69,2.3255737704918,0.858634622700801,0.034894407401007,0.753965722551548,0.851395817695204,FALSE
"Amino acids","Creatine",26.68,15.97,25.5277049180328,13.9254434272237,-0.0636948292166094,0.754401357451446,0.851395817695204,FALSE
"Amino acids","Lysine",33.51,18.73,35.0450819672131,21.3797121997273,0.0646203120632339,0.742109744587097,0.851395817695204,FALSE
"Amino acids","Ornithine",8.79,4.76,9.16475409836066,4.98597001814671,0.0602330066310782,0.745171651422953,0.851395817695204,FALSE
"Fatty acids","Arachidonic acid",10.4,8.3,9.67475409836065,8.44369283480425,-0.104286630274102,0.71599082506624,0.851395817695204,FALSE
"Organic acids","Succinic acid",9.15,2.03,9.29655737704918,3.02031090300646,0.0229248250228842,0.794614253974761,0.87186841755564,FALSE
"Fatty acids","3-Hydroxyoctadecanoic acid",1.41,2.55,1.57622950819672,2.80623987091531,0.16078245226558,0.791009333312641,0.87186841755564,FALSE
"Amino acids","β-Aminoisobutyric acid",0.28,0.17,0.290655737704918,0.228077975353891,0.0538845612781981,0.812892935937915,0.87970605396021,FALSE
"Amino acids","3-Methylhistidine",2.44,0.47,2.48737704918033,1.57160841352561,0.0277440673468413,0.831625305597179,0.887816204624015,FALSE
"Amino acids","Methionine",5.07,1.29,5.11459016393443,1.44495971543672,0.0126328931040318,0.888870320634409,0.911957861430108,FALSE
"Amino acids","Sarcosine",2.07,1.64,2.12770491803279,1.51990448542293,0.0396673160047586,0.880464186044288,0.911957861430108,FALSE
"Amino acids","Asparagine",8.5,3.57,8.35754098360656,3.72697046573474,-0.0243843167201386,0.86896634775877,0.911957861430108,FALSE
"Kynurenine pathway metabolites and nucleosides","1-Methyladenosine",0.002,0.001,0.002,0.000991631652042901,0,1,1,FALSE
"Fatty acids","2-Hydroxyoctadecanoic acid",0.11,0.02,0.11,0.0137234592334926,0,1,1,FALSE
